Country.x,Year,key,Government Education Expenditure,AMA.exchange.rate,IMF.based.exchange.rate,Population,Currency,Per.capita.GNI,X.Agriculture..hunting..forestry..fishing..ISIC.A.B..,Changes.in.inventories,Construction..ISIC.F.,Exports.of.goods.and.services,Final.consumption.expenditure,General.government.final.consumption.expenditure,Gross.capital.formation,Gross.fixed.capital.formation..including.Acquisitions.less.disposals.of.valuables.,Household.consumption.expenditure..including.Non.profit.institutions.serving.households.,Imports.of.goods.and.services,Manufacturing..ISIC.D.,X.Mining..Manufacturing..Utilities..ISIC.C.E..,Other.Activities..ISIC.J.P.,Total.Value.Added,X.Transport..storage.and.communication..ISIC.I..,X.Wholesale..retail.trade..restaurants.and.hotels..ISIC.G.H..,Gross.National.Income.GNI..in.USD,Gross.Domestic.Product..GDP.,Learning.Adjusted.Years.of.School
Albania,2010,Albania 2010,3.41307497024536,4.65335486593656,4.65335486593656,14.884831341997, Lek ,8.30745932701195,21.484812335542,19.2282734502066,21.1562131745877,21.928366184956,23.0885248758688,21.008995819059,22.0083301840183,21.9442875532193,22.9550059848879,22.4797779845289,20.2929009703822,21.0826773311137,21.7713541142003,23.0618707259084,20.5994294339503,21.1387995751807,23.1920257343962,23.2020662385731,7.3824778
Albania,2017,Albania 2017,3.61172008514404,4.78832195389474,4.78832195389474,14.8730772159963, Lek ,8.41935983106747,21.6301644013772,17.9422963015958,20.8969608897167,22.1367624532579,23.1965899081519,21.1267692281456,21.9055366719495,21.8863523824997,23.0616765195442,22.5266866470023,20.502340689404,21.1023301960295,22.0430918597622,23.1544856153766,20.5227950169523,21.2446699401795,23.2921702277884,23.2897317252013,8.92
Albania,2018,Albania 2018,3.15294480323792,4.69124848921643,4.69124848921643,14.8722635087019, Lek ,8.56845648535378,21.7504725108019,15.7911502297777,21.0319109491847,22.2887893315778,23.3407011425781,21.2601335777266,22.010825506133,22.0088336329448,23.2073305070356,22.6484184317822,20.6502520158372,21.3457859024419,22.1854603903586,23.3077535017822,20.6533776140377,21.4114647288949,23.4404739728607,23.4416913590427,8.851396
Albania,2020,Albania 2020,3.3422999382019,4.6972934748639,4.6972934748639,14.8687244239991, Lek ,8.55468163582723,21.7931594712166,18.0343366191092,21.0317250352458,21.9574400768837,23.361215677379,21.3091383115102,21.9790562583637,21.9595098235278,23.2237132659957,22.4524905423958,20.632978600912,21.233901436659,22.2084250439163,23.3083911690451,20.6013476848434,21.427015095827,23.4232887289739,23.4400687062475,8.953018
Angola,2017,Angola 2017,2.46687889099121,5.11749039650267,5.11749039650267,17.2236381700093, Kwanza ,8.24064886337491,23.2274146570039,20.8043367137191,23.5369631568918,24.2905686164748,25.173315470019,23.4831317400242,24.1065999174732,24.0691059335267,24.9693792397675,24.0695535898961,22.8270260980346,24.2736211097266,23.9484934800778,25.5190563825514,22.3338011290391,24.017009060254,25.4681979653184,25.5272868816879,4.11
Angola,2018,Angola 2018,2.18351292610168,5.53676618324856,5.53676618324856,17.2582827387182, Kwanza ,7.99867136101578,22.8893692154505,20.3432536952132,23.1078727159152,24.4462783561681,24.9389492343441,23.085655215844,23.6197981486584,23.5813083201695,24.7684929148482,23.9770204859799,22.5500941878719,24.3535984442845,23.6934502555958,25.3383863537976,21.9528018635526,23.7618867618535,25.2566735545488,25.3383863537976,4.2349777
Angola,2020,Angola 2020,2.6674473285675,6.3617493212468,6.3617493212468,17.3249189986224, Kwanza ,7.37525577800975,22.4193955583971,20.6919156109731,22.229939423149,23.6964579942841,24.2173040732283,22.4014668057153,23.1777182923815,23.090788333014,24.0397292808298,22.9524014834803,22.0770463869986,23.7451339669668,23.1872465735788,24.7275443928545,20.9217371474427,23.1539897577378,24.6996828569778,24.7273406330811,4.2349777
Argentina,2010,Argentina 2010,5.01971006393433,1.5884788281152,1.5884788281152,17.5315216964935, Argentine Peso ,9.2127374965759,24.1382937345697,22.235777521133,23.6464270545472,25.1146284771559,26.5492659443298,24.8925841499135,25.0475557913989,24.9855760984348,26.3363939433381,24.9485889476638,24.9365237648278,25.2133114792884,25.6136149651757,26.6037988233499,23.9612106806349,24.8363809559422,26.7442891862984,26.7777051832181,8.238216
Argentina,2017,Argentina 2017,5.45431995391846,2.86577772951565,2.86577772951565,17.6009407175668, Argentine Peso ,9.56366972566382,24.2399386218467,23.7004795626592,24.0369663778732,25.0118132902186,27.0203751568822,25.4594642853497,25.4854397717527,25.3040225922675,26.7870510456363,25.2220805232664,25.1374061160394,25.4506536556676,26.161345145874,27.0203751568822,24.312318168186,25.3579948251858,27.1642123775809,27.1909645630523,8.87
Argentina,2018,Argentina 2018,4.87773990631104,3.3705660518051,3.3705660518051,17.6090562192597, Argentine Peso ,9.3410176956178,24.0343912365236,22.6907182719031,23.7582559890688,25.0509233928276,26.8280590693636,25.1414832972052,25.1913895968633,25.1057991247374,26.6231631905316,25.1739005581487,24.9149424652643,25.3139155342123,25.9050493872441,26.8009080802977,24.1312567170871,25.1169963518789,26.9498025062359,26.9866640995399,8.739134
Argentina,2020,Argentina 2020,5.27689981460571,4.27024508531461,4.27024508531461,17.622973460652, Argentine Peso ,9.03907744253896,23.9885204696856,19.9046808971955,23.2416779851747,24.8827990999404,26.4630587491289,24.8995482865923,24.7210839923165,24.7129551881138,26.2285973728828,24.683467665313,24.6953351135055,25.022784237347,25.5674529234129,26.4915868327433,23.716637956577,24.837948659638,26.6608020420315,26.6791032064138,8.41131
Armenia,2017,Armenia 2017,2.70759010314941,6.18149877174995,6.18149877174995,14.8635044121949, Armenian Dram ,8.33950090300594,21.2704950244239,18.3058223997134,20.5462476965459,22.206083025271,23.0883975058781,21.0739339725806,21.4763590552543,21.4334713227893,22.9452290317768,22.4543688523201,20.9266136789245,21.4828646780501,22.0263587527881,23.0799208963438,20.4158588260206,21.0850784860464,23.202726818378,23.1679977405163,7.86
Armenia,2018,Armenia 2018,2.25586795806885,6.18206000268752,6.18206000268752,14.8581019032746, Armenian Dram ,8.40514368760761,21.2753820993219,20.3736707629066,20.5281042275643,22.3140393238109,23.154468617666,21.0816428804914,21.749503199996,21.4583093551933,23.0199885269867,22.6122581005098,21.0627684174342,21.53927451724,22.1393279127074,23.1547708582137,20.4983283011539,21.2152029025837,23.2630194784573,23.2456240642551,8.07041
Armenia,2020,Armenia 2020,2.70555996894836,6.19442346971676,6.19442346971676,14.8471311856729, Armenian Dram ,8.42639282708974,21.08429699081,19.2916265222976,20.5878261423857,22.0484291802562,23.1581785095352,21.3610523055376,21.6338774708275,21.5328286983146,22.976926852215,22.3370474366967,21.1683402301399,21.6462659572513,22.212931362251,23.1704327370399,20.4788364064366,21.1365863199829,23.2733252043709,23.2602665991524,7.994621
Australia,2010,Australia 2010,6.15043640136719,0.737240372156238,0.737240372156238,16.9074239501271, Australian Dollar ,10.945899791516,24.1183357573023,22.4677617469256,25.2949795742065,26.3544776187714,27.5723321195809,26.2122035631072,26.5639074943227,26.5492659443298,27.2771992409736,26.3029956629364,25.2859087851151,26.2366945831154,27.1185274350635,27.8298719746745,25.313399589606,25.6861104672133,27.8541646672436,27.8933853803968,11.056325
Australia,2017,Australia 2017,5.32125568389893,0.834975715191999,0.834975715191999,17.0178640375237, Australian Dollar ,10.9265498041335,24.2704227685985,21.5941191964778,25.4146137191847,26.4566071138474,27.6892900240535,26.3616205062837,26.5725906168962,26.5639074943227,27.3812768828184,26.4402935383559,25.125111450523,26.170003208617,27.2700512477084,27.9086528525276,25.32602802369,25.6999995793739,27.9458318557693,27.9746108203193,11.55
Australia,2018,Australia 2018,5.40967607498169,0.849472128951256,0.849472128951256,17.0335552775601, Australian Dollar ,10.9381122793718,24.1500745056412,NA,25.4053970640799,26.5840520604151,27.7079821570656,26.4102411932896,26.5492659443298,26.5492659443298,27.3889495547301,26.4758384757752,25.1241292735151,26.2877862442729,27.2983416775474,27.9385058156772,25.3181833878926,25.6999995793739,27.9746108203193,28.0025846723617,11.40922
Australia,2020,Australia 2020,5.37828016281128,0.897346464225906,0.897346464225906,17.0608355785562, Australian Dollar ,10.9179389431911,24.2205070137968,22.221225191947,25.3282397877416,26.4790080505365,27.6702418290828,26.4884569397344,26.5101632183162,26.4947069600795,27.3094374918025,26.2645293821088,25.0983191248177,26.3029956629364,27.2786227287585,27.9236907298921,25.2187868419619,25.713698423732,27.9816779875424,27.9886955602011,11.222505
Austria,2010,Austria 2010,5.70047998428345,0.562494470265018,0.562494470265018,15.9393074445234, Euro ,10.7632925854234,22.3259943363231,21.3563292583661,23.8446985384586,26.0265707450105,26.3931467599304,25.1091451392314,25.2073809112112,25.1858943502248,26.0703733676686,25.9543744538063,24.8911403931488,25.0721354096658,25.740545673768,26.5783377591517,24.1451274096521,24.856866450832,26.7021516018501,26.6945276767394,10.845024
Austria,2017,Austria 2017,5.37159013748169,0.63403683776909,0.63403683776909,15.9899778071719, Euro ,10.757604963979,22.3428715334207,21.8036507181479,23.8967622277587,26.1438008362231,26.4270483116059,25.121671690576,25.3676567360974,25.3383863537976,26.1123375667675,26.0798521116231,24.975725723923,25.1317272468856,25.829211310853,26.6421596912222,24.2564968415525,24.8542190506841,26.7467134299099,26.7563520587476,11.67
Austria,2018,Austria 2018,5.22655010223389,0.613439611346241,0.613439611346241,15.9948555777199, Euro ,10.8388747801013,22.3611246946053,22.3702019957084,23.9953757098988,26.2526949244618,26.5040093527418,25.2005172338335,25.4854397717527,25.4417647082504,26.1870976419763,26.1997293888821,25.0614625069221,25.2124425480948,25.9106516427928,26.7320790223915,24.3459314031192,24.9692224056899,26.8347331764513,26.8435632558996,11.275588
Austria,2020,Austria 2020,5.57126998901367,0.628878701357768,0.628878701357768,16.0024353856299, Euro ,10.8055373621199,22.2760179084721,20.5558565325638,24.0416621999712,26.1393662391553,26.4598381344288,25.241788009404,25.4417647082504,25.4327960382678,26.1077608997401,26.0798521116231,24.9919637669293,25.1610819456444,25.9106516427928,26.6919733969343,24.290202636268,24.8065219340897,26.8077652500239,26.7986118680374,10.906205
Azerbaijan,2010,Azerbaijan 2010,2.78062009811401,0.589257804467683,0.589257804467683,16.0387496921656, Azerbaijanian Manat ,8.59155827337154,21.7952171746499,NA,22.1784866210789,24.081223559725,24.0035028363283,22.4736702129851,22.9802885913674,22.9862040375297,23.7594268302103,23.1158406949508,21.6421819119894,24.0315140858411,22.6540855218173,24.6216410345634,22.093769322607,22.0959818526651,24.630034922678,24.6917825697594,6.878968
Azerbaijan,2017,Azerbaijan 2017,2.47381997108459,1.00105634976682,1.00105634976682,16.125226962603, Azerbaijanian Manat ,8.27001306227379,21.552491166517,19.2516539986509,22.0899017647987,23.7109597516872,24.0614670950618,22.2568578477172,23.022128596947,22.9988178757621,23.8816957980725,23.5626076848306,21.3758581232491,23.5198937257662,22.632343867609,24.3597737657486,21.9488635662926,22.3725047441379,24.3950404042882,24.433579724692,8.75
Azerbaijan,2018,Azerbaijan 2018,2.45543003082275,0.993257945954194,0.993257945954194,16.1332328039919, Azerbaijanian Manat ,8.39366870513074,21.6216942353842,NA,22.0144960642152,23.9613253032256,24.1389575237182,22.3188097697185,22.9728187836785,23.0004810850125,23.9622181820693,23.5971130859104,21.5009876285753,23.7668004016458,22.6929073277995,24.4952553560107,22.0144637190013,22.4440564134643,24.5266583121978,24.5758037559535,9.373489
Azerbaijan,2020,Azerbaijan 2020,4.33204984664917,0.993251773010283,0.993251773010283,16.1461924140675, Azerbaijanian Manat ,8.3250636936312,21.7800343679526,19.8716055352673,21.9363441192982,23.4451377240746,24.2172961793651,22.6583104466759,23.0361681126042,22.9930177729486,23.9811315791443,23.4665431160926,21.6806759310907,23.4007597974027,22.8653161899302,24.3781884640553,22.0967133234702,22.4113735695366,24.4709537317708,24.4773008093395,8.281513
Bahrain,2010,Bahrain 2010,2.35114979743958,0.319180739511152,0.319180739511152,14.0091396100555, Bahraini Dinar ,9.86422683858282,18.1532705350934,19.5812517695996,21.3726195249555,23.606966456085,23.3561474682754,21.9244715186173,22.6714909337271,22.6249326502734,23.0831461859171,23.2956547192361,22.0380256306337,22.9902755645302,23.0444182045026,23.9597708400571,21.2661605371504,21.3624369566642,23.87331594967,23.9702730877031,8.422845
Bahrain,2017,Bahrain 2017,2.32781004905701,0.319180739511152,0.319180739511152,14.1917768323678, Bahraini Dinar ,10.0425971082403,18.4512847667508,21.2116369802597,21.7780596252181,24.0147195887173,23.759759677707,22.4978845586507,23.1816815050389,23.0314971938492,23.4269091790269,23.8961534196888,22.604953524474,23.1858917516589,23.454251355956,24.2825463159371,21.689686261326,21.6198856351884,24.2343348206191,24.2920565741314,9.6
Bahrain,2018,Bahrain 2018,2.38893985748291,0.319180739511152,0.319180739511152,14.2125005199324, Bahraini Dinar ,10.0866837267407,18.505869768132,21.508817626589,21.8548652525202,24.1231059149552,23.794145056466,22.5407552634636,23.3133268641722,23.1335358697701,23.4579234397394,24.0209036807347,22.6194891434364,23.2961969622553,23.4837831557093,24.3447230059763,21.7564597853718,21.6235439422696,24.2991388942568,24.3556241897613,9.518841
Bahrain,2020,Bahrain 2020,2.55237460136414,0.319180739511152,0.319180739511152,14.2058417234877, Bahraini Dinar ,9.99145264126477,18.5035550818512,21.531580342283,21.780806765283,23.952060393317,23.7448455348194,22.504370338915,23.2286484724047,23.0262630790953,23.4034155981105,23.8715822144024,22.562991929899,23.1300360211375,23.4472766398287,24.2416297394587,21.5625376540738,21.4590928601974,24.1972274565843,24.2706782389302,9.286839
Belarus,2020,Belarus 2020,4.86263990402222,1.23534791724118,1.23534791724118,16.0807821818583, Belarussian Ruble ,8.71800933084636,22.191932626524,20.9719713570952,21.9999517744761,24.3461158093666,24.4720529689221,23.0661956947647,23.5475859205771,23.4684268669607,24.1908077358592,24.2941429052704,23.3024815567319,23.474135011742,23.508336185154,24.7060049472576,22.750701562429,22.5612511420882,24.7986843935782,24.8402141393393,10.784273
Belgium,2010,Belgium 2010,6.44259023666382,0.562494470265018,0.562494470265018,16.2022481786631, Euro ,10.7120371595719,22.0261190520289,22.2693305477144,23.8789434179547,26.6231631905316,26.6149100487749,25.4594642853497,25.4327960382678,25.3960946714177,26.2326541735784,26.6010016187289,24.8845243300507,25.0673814820006,26.1123375667675,26.7870510456363,24.5129673800044,24.8541403357639,26.9135812428016,26.8991331070543,11.161227
Belgium,2017,Belgium 2017,6.42534017562866,0.63403683776909,0.63403683776909,16.2477624606927, Euro ,10.7047713917007,21.9303905536735,22.498292380699,23.8484006107995,26.7587472694736,26.6501918629195,25.4768560280614,25.535450192327,25.4854397717527,26.2800938986498,26.7467134299099,24.8582598671589,25.0265962513808,26.2204340622437,26.8302887246909,24.505272230488,24.8304208475345,26.9517768405396,26.9438560070481,11.14
Belgium,2018,Belgium 2018,6.38107013702393,0.613439611346241,0.613439611346241,16.2533776603587, Euro ,10.7763905010673,21.9099873186169,22.9983221731476,23.9700022928044,26.8347331764513,26.7320790223915,25.5595477439058,25.6505195221109,25.5752961008738,26.3616205062837,26.8391579624317,24.9150316130806,25.069167243144,26.3029956629364,26.9053507436651,24.5899793027645,24.9087949143224,27.0295411238963,27.0203751568822,11.240353
Belgium,2020,Belgium 2020,6.80185985565186,0.628878701357768,0.628878701357768,16.2632100260832, Euro ,10.7340242983914,22.0952013994052,20.1830701649237,23.9481607062083,26.7563520587476,26.6842711765723,25.5830782413158,25.5752961008738,25.5674529234129,26.2839474679658,26.734533011353,24.8908397543192,25.0692761933002,26.2877862442729,26.878123930965,24.5786876146846,24.7679856302284,26.9980278581902,26.9866640995399,11.183289
Benin,2010,Benin 2010,3.67997002601624,6.20713428210587,6.20713428210587,16.0610713340093, CFA Franc BCEAO ,6.90575327631146,21.6240934933145,NA,20.0264295158679,21.5107406643287,22.8683517550726,20.7890918136448,21.1199045575138,21.2428544186004,22.7347944169963,21.7170297869198,20.8351179192187,20.9199772776204,21.4818021299136,22.8539710127927,20.4950299441423,20.9952197419405,22.9657886677639,22.9772960003862,4.9740124
Benin,2017,Benin 2017,3.53558993339539,6.36588049642479,6.36588049642479,16.2662380313355, CFA Franc BCEAO ,6.98841318199959,22.0093466457054,18.0096863826589,20.1304132822651,21.963250660434,23.0799327076522,21.0091997730478,21.8362314132383,21.8142058709942,22.9451510141113,22.1941275966389,20.923679377347,21.0352735827234,21.7098177436707,23.1815903073762,21.0748298469851,21.4384025967769,23.2538958697213,23.2649982035656,5.73
Benin,2018,Benin 2018,2.93161988258362,6.32157095476624,6.32157095476624,16.2954619507201, CFA Franc BCEAO ,7.07496319796604,22.1102381139794,18.0540739419898,20.254932987171,22.0816652444007,23.1684449090937,21.1185383519449,22.0485759309446,22.0299876179488,23.0306221118285,22.3172897092969,20.990837841412,21.1032425344843,21.8586144176478,23.2921363116162,21.1863800410089,21.5380965961447,23.3698638113742,23.380893107311,5.64372
Benin,2020,Benin 2020,3.09441518783569,6.35488216981081,6.35488216981081,16.3526240680447, CFA Franc BCEAO ,7.11395610956603,22.1707837741209,18.0207037535386,20.5533084079277,21.8602469198982,23.2460954303445,21.3044689432629,22.114825031974,22.0980141290099,23.0912290194481,22.0882166514635,21.1417905782674,21.260785377844,21.9484783839528,23.3850300849935,21.3249867762384,21.5489243467306,23.4656316657874,23.4760817272524,5.6664166
Bhutan,2020,Bhutan 2020,5.54341268539429,4.31881479150978,4.31881479150978,13.5573963492017, Ngultrum ,7.94200680848986,19.9142864366507,NA,19.209137817953,20.3518285741885,21.2161459299725,19.9979995524479,20.4766414457986,20.4789911640531,20.865484413237,20.7961105918628,18.7404428769216,20.1730122240136,20.1206431959872,21.5357059686664,19.1253321909463,19.3823110879683,21.4991825027559,21.5628644219771,6.3267903
Brazil,2010,Brazil 2010,5.64879989624023,1.01495046329819,1.01495046329819,19.0954271284914, Brazilian Real ,9.29679325970638,25.2331402183429,24.0546915384288,25.4939504614205,26.2039047602926,28.1906369038645,26.7635205482262,26.9012099509991,26.84136303499,27.916200058163,26.295419869128,26.3616205062837,26.7046800482034,27.4614183315436,28.2622928927709,25.7471463577993,26.3472833431374,28.3918269449628,28.4240136314587,7.648079
Brazil,2017,Brazil 2017,6.32047986984253,1.43303228898746,1.43303228898746,19.155473392685, Brazilian Real ,9.18122047340233,25.2764465432451,21.0412271028238,25.063251002528,26.2762254218719,28.1906369038645,26.7539510972101,26.4336928543246,26.4270483116059,27.916200058163,26.2204340622437,26.1214285384687,26.4237094103404,27.5167319695275,28.2076344802331,25.6505195221109,26.3472833431374,28.3341186273422,28.3537270987305,7.63
Brazil,2018,Brazil 2018,6.08851003646851,1.53768953968098,1.53768953968098,19.1634110741856, Brazilian Real ,9.0902045707362,25.1628078447406,NA,24.9217042173087,26.3616205062837,28.1134472651735,26.6660652120757,26.3896925250623,26.3896925250623,27.8461324955463,26.332737632135,26.0315335343526,26.4034384459669,27.4301281735504,28.1317964038416,25.5830782413158,26.2606001039689,28.2515976036542,28.2833463019688,7.774814
Brazil,2020,Brazil 2020,5.77150011062622,1.81729380681812,1.81729380681812,19.1777239189613, Brazilian Real ,8.80252249828442,25.1577384246953,NA,24.6739561986849,26.2163272802911,27.821641475538,26.4169979757525,26.1656835474725,26.2080627704412,27.5378087342075,26.1743042905164,25.7858608699797,26.1870976419763,27.1610174866844,27.8778811938609,25.3192676118488,25.9327519897933,27.9816779875424,28.0025846723617,7.8728395
Bulgaria,2010,Bulgaria 2010,3.85746002197266,0.907206259525298,0.907206259525298,15.8426417092424, Bulgarian Lev ,8.78385589664394,21.4381782959735,18.9454926185264,21.8728182582145,23.9578458239824,24.4341059271013,22.8473075018215,23.1581214244044,23.1432033093222,24.2052215021351,24.0196847658896,22.4981022150318,22.9075217379053,23.6557116889455,24.5128598915482,22.3278104462769,22.5802714687498,24.6263743509227,24.6488438072955,9.222812
Bulgaria,2017,Bulgaria 2017,4.07755994796753,1.00629900245545,1.00629900245545,15.7871481846492, Bulgarian Lev ,8.99442066575129,21.5955121787895,20.6112164953302,21.466639262399,24.4036441557374,24.5282042737244,22.9447892404062,23.1850113172591,23.1057022120625,24.29844779754,24.3371063697079,22.838923840383,23.2157211727446,23.7092045655622,24.653369529335,22.501980518864,22.8748778329951,24.7814347248591,24.8042016543933,10.29
Bulgaria,2018,Bulgaria 2018,4.04709005355835,0.977213348626865,0.977213348626865,15.7780575441723, Bulgarian Lev ,9.1075321519945,21.5324662441276,21.211594831305,21.5993378776929,24.498253547207,24.6471791480809,23.1113720976863,23.3678905955558,23.2448716336665,24.4047484425278,24.4588231833343,22.9192911069566,23.2463249250782,23.8676660687551,24.7750329861739,22.6781711608386,23.0373583044075,24.8854638829286,24.918388630032,9.80042
Bulgaria,2020,Bulgaria 2020,4.50513982772827,0.999282931547259,0.999282931547259,15.758441416194, Bulgarian Lev ,9.18152929012206,21.6194687973466,20.6098454800777,21.814861920847,24.3975057347645,24.7229101518109,23.3348410706492,23.3823730170772,23.3178304168652,24.4358189534778,24.3619573744387,22.9157598800391,23.2363359459537,23.946229624139,24.8330193274404,22.8138703212457,23.0225867231093,24.9398742809118,24.9751684128635,8.687309
Burkina Faso,2010,Burkina Faso 2010,3.50222992897034,6.20713428210587,6.20713428210587,16.5953756183311, CFA Franc BCEAO ,6.4150969591716,21.6146183667256,19.0552940433861,20.0304530444725,21.4518055722177,22.885549292326,21.1018233393104,21.5212154106428,21.4324600917291,22.7016132589444,21.7825236052161,20.9271127128212,21.480036652607,21.7089048600718,22.9558650274185,19.7356043694201,20.9073560179687,23.00923358243,23.0357780554749,3.1555173
Burkina Faso,2017,Burkina Faso 2017,5.62846994400024,6.36588049642479,6.36588049642479,16.8030019182779, CFA Franc BCEAO ,6.52941883826223,21.7893565943759,18.9161568523452,20.0211946213715,22.0401099820133,23.1991712673691,21.6405474561295,21.8586128984925,21.8044353992404,22.962910235491,22.2556918584716,21.0929566484725,21.83872353432,22.1075936809885,23.2611657787859,20.2532140737423,21.1841229894117,23.3316676689002,23.3699339416416,4.2
Burkina Faso,2018,Burkina Faso 2018,5.488609790802,6.32157095476624,6.32157095476624,16.8306887285271, CFA Franc BCEAO ,6.62804137617953,21.9281919091681,19.9523101907676,20.071223956052,22.2312344672661,23.2927920071115,21.7272447739437,22.0179504329497,21.8824317852269,23.0583680398387,22.3655797883577,21.2375625275837,21.9888600148255,22.2383628452767,23.3851286245431,20.292543306723,21.2657943133198,23.4568497150565,23.4889599843208,4.3516855
Burkina Faso,2020,Burkina Faso 2020,5.15086507797241,6.35712451245048,6.35712451245048,16.8846153582983, CFA Franc BCEAO ,6.6945620585211,21.9170182988473,19.7781923215003,20.2027411540059,22.3049241242763,23.3403203908215,21.8085281836932,21.9862896742117,21.8698574611512,23.0967854179229,22.2856599293841,21.2350636134188,22.3816065083538,22.3718950182542,23.5245531175556,20.3454457140064,21.0853986802183,23.5778319624748,23.6099422317243,4.5330615
Burundi,2010,Burundi 2010,6.67801666259766,7.11618984806411,7.11618984806411,16.0267044419466, Burundi Franc ,5.40267738187228,20.4760353044851,16.478680680539,18.2592069504626,19.1002209582091,21.4659579548581,19.7080434355831,19.6384003436297,19.5950359185265,21.2767277468418,20.2202342704507,19.1537567907122,19.2430062971026,20.2445431404673,21.3748375563889,18.0899185181466,18.7097160978057,21.4270221332933,21.4323540956682,4.3617525
Burundi,2017,Burundi 2017,5.00918865203857,7.45590847889399,7.45590847889399,16.2274516340949, Burundi Franc ,5.6937321388027,20.93312086564,17.36948742265,18.5757873181955,19.4179688562703,21.9543738312671,20.2117334134563,20.0040136134859,19.9295562425171,21.7619321611039,20.601554458194,19.8246414546021,19.9094466401414,20.7032874228406,21.8542300787156,18.6648531351626,19.1003721249267,21.9170706554681,21.9165295578863,5.08
Burundi,2018,Burundi 2018,5.4135274887085,7.48654429450262,7.48654429450262,16.25728986699, Burundi Franc ,5.66988092298052,20.8826560640552,16.8066459821771,18.5846850087932,19.5286662167585,21.9553424896593,20.252546662159,20.0128332833856,19.9714790925381,21.7542374398694,20.6237537458648,19.9020114019195,19.9822079923434,20.7666479180467,21.8627106679191,18.6914018235378,19.0215935002187,21.9245409703279,21.9224228768708,5.3796825
Burundi,2020,Burundi 2020,5.32158517837524,7.55801905844917,7.55801905844917,16.3186031694715, Burundi Franc ,5.6970934865054,20.9258948364063,16.8099289187128,18.6568909297542,19.4587859936826,22.0838865480598,20.555049747053,19.8139922720665,19.7631355440451,21.8395350807062,20.738709860688,19.9335148882574,20.0168598516243,20.8306262861034,21.9158792702181,18.7602502077811,19.0999155800888,22.0136120388214,22.0083946932557,5.1646743
Cambodia,2017,Cambodia 2017,2.09646058082581,8.30686220402356,8.30686220402356,16.5774610190311, Riel ,7.18159194461187,22.3682472321093,19.2113913230027,21.737580744223,23.3228068300875,23.580449781958,20.8509978842032,22.3479465180698,22.3035429554991,23.5129682183183,23.377695500678,22.001466070048,22.1303317021733,22.0841246385342,23.7597344495123,21.3075495709659,21.8598032245015,23.7582289010548,23.8223305993163,6.9
Cambodia,2018,Cambodia 2018,2.44785928726196,8.30700705405634,8.30700705405634,16.5896754748564, Riel ,7.26612877955645,22.4113243905813,19.2112464347707,21.9267112641335,23.440285715413,23.6452448972046,20.9142759594306,22.4744893346346,22.4354739262658,23.5778691529907,23.4676241156454,22.1138852375843,22.2498642193597,22.18941559189,23.8607985214816,21.3921026628961,21.9527326796596,23.8550660139597,23.9248633918322,6.8543167
Cambodia,2020,Cambodia 2020,3.0023500919342,8.31722481391552,8.31722481391552,16.6126004720356, Riel ,7.30182234213793,22.4769350243495,19.2149207525321,22.0489569258032,23.482846936686,23.6872989272438,21.0549637165847,22.5853343857239,22.5503542366047,23.6126719926321,23.5058332372861,22.1535769406601,22.3334779502097,22.2112912882706,23.8888258879725,21.2853423126193,21.8134914939263,23.913891800627,23.9537243748938,6.8439803
Cameroon,2010,Cameroon 2010,2.84803009033203,6.20713428210587,6.20713428210587,16.8051260118626, CFA Franc BEAC ,7.22256601882217,22.2805333609848,NA,21.1512285767775,22.5392503779399,23.8656331539531,21.8663372972594,22.3345624437374,22.3507455017558,23.7201094403446,22.6452292082752,22.1071044148476,22.4403235117175,22.4986790428346,23.9721783469781,21.9406895771588,22.2564770067093,24.0271178054712,24.0367493962347,5.451394
Cameroon,2017,Cameroon 2017,3.05962991714478,6.36588049642479,6.36588049642479,17.0098142249871, CFA Franc BEAC ,7.28276117960559,22.5194428497783,17.8005172609291,21.3907324586077,22.614037708983,24.1238114171988,22.1622625845047,22.6719453017618,22.6642533795452,23.9722435714204,22.7416025959886,22.3074789692741,22.6238373237906,22.8026531290298,24.2186942708793,22.2276067425567,22.4807931743459,24.2916164330787,24.3095184538299,5.5
Cameroon,2018,Cameroon 2018,3.03096008300781,6.32157095476624,6.32157095476624,17.03745160025, CFA Franc BEAC ,7.35755620091035,22.6096086361299,NA,21.5241861402857,22.7367812779119,24.2320900985815,22.2845401851163,22.778683746809,22.7792983441844,24.078212451669,22.8905836201689,22.4226224128642,22.7565123919375,22.913441021149,24.324052177268,22.3071822558332,22.572444495528,24.3942395202429,24.4114911286428,5.2889247
Cameroon,2020,Cameroon 2020,3.10390138626099,6.35712451245048,6.35712451245048,17.0923189325075, CFA Franc BEAC ,7.3185395485679,22.6823099131371,NA,21.6237085355198,22.537272194809,24.2747947900021,22.339794076696,22.702879683096,22.7087786753686,24.1188142435841,22.729741528157,22.4139477132876,22.6786814215812,22.969458206908,24.3564015457225,22.3624356240228,22.6116372294037,24.4101466264603,24.4320569665037,5.2868743
Canada,2010,Canada 2010,5.356369972229,0.708115978508707,0.708115978508707,17.3407944149465, Canadian Dollar ,10.7510282405812,23.9075328843068,19.6322325052893,25.4417647082504,26.8802448225341,27.8700380163998,26.5725906168962,26.6634370896695,26.6608020420315,27.5498110605041,26.9418659566401,25.810862172185,26.4598381344288,27.3631416707743,28.043130766756,25.4417647082504,25.9702899091122,28.0947551321613,28.1134472651735,11.427462
Canada,2017,Canada 2017,4.95996999740601,0.831924515324602,0.831924515324602,17.4143107247697, Canadian Dollar ,10.7044123252695,24.1629086295941,23.3686705911148,25.4854397717527,26.9751697201142,27.8933853803968,26.5580765740119,26.6842711765723,26.6475216343636,27.5860237499989,27.0422339506946,25.7984396521865,26.3400369346166,27.4053744343975,28.0562888513335,25.5023893300663,26.001380496182,28.1196011307478,28.1317964038416,11.74
Canada,2018,Canada 2018,4.8889799118042,0.83106179768002,0.83106179768002,17.4273808547845, Canadian Dollar ,10.7300723713258,24.1018636601846,23.1232422617358,25.5190563825514,27.0458310768755,27.9311257083796,26.6010016187289,26.7122272538388,26.6842711765723,27.6290191132589,27.1033883738479,25.8590642740026,26.4203593234552,27.4458956318031,28.1072552949255,25.5515795742567,26.0364718159931,28.1557496448641,28.1733454067545,11.784588
Canada,2020,Canada 2020,4.88794994354248,0.850643402956379,0.850643402956379,17.4501636309204, Canadian Dollar ,10.6676522203314,24.113823988785,NA,25.4768560280614,26.9032824906011,27.9010482531424,26.6448442565929,26.6258991703505,26.6713008261297,27.5691457122115,26.9713087114568,25.8046702019371,26.3472833431374,27.402865022792,28.0562888513335,25.5023893300663,25.9962653955153,28.1196011307478,28.1317964038416,11.724046
Central African Republic,2020,Central African Republic 2020,2.14468050003052,6.35712451245048,6.35712451245048,15.4913017813084, CFA Franc BEAC ,6.13339804299665,20.42785038552,NA,17.4254029719915,19.5978663381744,21.5764167498962,19.6278049125098,19.9004392410767,19.9004392410767,21.4227156431688,20.4817168398232,19.8751666746025,19.9151556417305,20.0681899418931,21.5233228868457,17.7237677215024,19.8782934831382,21.6215232935215,21.5671284314156,2.6961548
Chad,2010,Chad 2010,1.98194003105164,6.20713428210587,6.20713428210587,16.291605834707, CFA Franc BEAC ,6.88346258641309,22.0036517448181,19.4576734507871,20.3756420276259,22.2703309017449,22.8580627733579,20.910672192545,21.7439977040977,21.6368139982096,22.7041586194931,22.0455785703681,20.2949779610355,22.0169460075896,21.029444527618,23.0497891088466,20.0322788175574,19.884840276711,23.174274911775,23.2227431622384,2.7752626
Chad,2017,Chad 2017,2.45481991767883,6.36588049642479,6.36588049642479,16.529270096405, CFA Franc BEAC ,6.77308037565554,22.35838085398,19.9143846482886,19.7558650517898,21.8530723060771,23.0711368089829,20.9679780880734,21.6292901849839,21.4308627568621,22.9409481287053,21.710481195187,21.0247604658113,21.8712707314541,21.5129234299251,23.2876329593266,20.0784731180323,21.195145107327,23.301535899863,23.3147104153944,2.64
Chad,2018,Chad 2018,2.25947499275208,6.32157095476624,6.32157095476624,16.5630513716911, CFA Franc BEAC ,6.87832646829133,22.4709603607045,20.3680056888547,19.6082033557479,22.0980699186683,23.1377012150057,20.9463675145839,21.9085198869436,21.6673766907243,23.0191793737183,21.8374207619549,21.0354150226631,22.1422688445301,21.6532678643121,23.429062834491,20.2064605757299,21.2137209595224,23.4404686343605,23.4551814577475,2.872748
Chad,2020,Chad 2020,2.73960399627686,6.35712451245048,6.35712451245048,16.6276025255567, CFA Franc BEAC ,6.72503364216684,22.4610231292332,20.5537478167402,19.8966659395241,21.867275595385,23.1428123983362,21.0024067999984,22.0942620153101,21.8531188191561,23.0176945047579,21.8465653755889,21.0925116501757,22.1784948160232,21.7272840253973,23.4757907797815,20.305282674914,21.3582538590297,23.3509808283228,23.4252682497215,2.830429
Chile,2010,Chile 2010,4.18953990936279,6.23685707742903,6.23685707742903,16.6489687543946, Chilean Peso ,9.38815177329225,22.7903919187091,21.9657451402046,23.2943443245485,25.1359095734347,25.7602184393665,23.9989811515992,24.6466156970869,24.5756528593874,25.5674529234129,24.9492658557247,23.8820530722822,24.8965327902756,25.0531235307557,26.0265707450105,23.6212599612674,23.7805330801304,26.0364718159931,26.1123375667675,9.021066
Chile,2017,Chile 2017,5.43278980255127,6.47671662649961,6.47671662649961,16.7261520453764, Chilean Peso ,9.5792797987349,23.1235971530894,20.3087239204682,23.6046873330347,25.089924085159,26.0939038650787,24.3891497189569,24.7989420747465,24.7876604799642,25.8937498319902,25.046086520385,24.0836903131959,24.8779082986915,25.4053970640799,26.2566553256779,23.7499576787838,24.1982947893527,26.3067621457319,26.3472833431374,9.57
Chile,2018,Chile 2018,5.473060131073,6.46501938381453,6.46501938381453,16.7441116723975, Chilean Peso ,9.62568980215832,23.1744217549779,21.9490500443327,23.6732827115318,25.1573576604419,26.1482158544322,24.50487069195,24.9929148111218,24.9440917520637,25.9327519897933,25.1958298467709,24.0686369201206,24.8695289879013,25.4506536556676,26.3029956629364,23.9419085500062,24.236990109618,26.3687127345932,26.4102411932896,9.688812
Chile,2020,Chile 2020,5.62993001937866,6.67673983307016,6.67673983307016,16.7756320267981, Chilean Peso ,9.41507552360704,23.0575598607456,NA,23.4383125310772,25.1014578298327,25.9543744538063,24.4252294605157,24.7246900516023,24.7862893768026,25.7068724586616,24.9451545890321,23.8373053878736,24.8277721049742,25.2916359914044,26.1526114659052,23.7234949026087,23.9570516558729,26.1913259780858,26.2566553256779,9.40743
China,2017,China 2017,4.11133146286011,2.04882189426347,2.04882189426347,21.0670512370804, Yuan Renminbi ,9.07325983142782,27.5870692284004,25.6790928945547,27.4767037555454,28.5147886560976,29.5405636208131,28.329155838,29.2987279364868,29.2700178306044,29.1870582516357,28.4240136314587,28.8722897049985,29.0346641153833,29.0420080896391,30.140620378307,27.5278803570101,27.9816779875424,30.140620378307,30.140620378307,9.67
China,2018,China 2018,4.02442407608032,2.0302456747054,2.0302456747054,21.071856821859, Yuan Renminbi ,9.18635500922567,27.6508237432257,25.6060677595404,27.6209707800761,28.6093472387225,29.6657267637671,28.4639302388641,29.4376691976505,29.4144123354863,29.3081176768367,28.5671144750993,28.9842756229705,29.1461483488916,29.1785836246448,30.2629099560653,27.6702418290828,28.0947551321613,30.2556897080918,30.2629099560653,9.171392
China,2020,China 2020,4.2333812713623,2.0669598774151,2.0669598774151,21.0773883736635, Yuan Renminbi ,9.23268877563994,27.796535554407,25.5830782413158,27.6798112800989,28.6316529962368,29.7265820394884,28.5552800174523,29.4826205855128,29.46200129831,29.3555718354633,28.4896827349665,28.9816882994055,29.1417430554237,29.2738938044491,30.3188686097133,27.7620493783358,28.1072552949255,30.3120426446429,30.3188686097133,9.270027
Costa Rica,2010,Costa Rica 2010,6.56574010848999,6.26687639866701,6.26687639866701,15.346392806527, Costa Rican Colon ,8.97297111339799,21.6161789860993,18.7724977170354,21.4675064713521,23.2379827621274,24.1536131374305,22.5573075081527,22.7340514898185,22.7148345032443,23.9271593909288,23.2928983400354,22.4260103417069,22.6221245314503,23.498090182754,24.2653538005261,21.685532344693,22.2623205381762,24.31920766108,24.3518281470396,8.448671
Costa Rica,2017,Costa Rica 2017,7.06980991363525,6.34302433895892,6.34302433895892,15.4237163116024, Costa Rican Colon ,9.34888418142424,21.7685191001255,NA,21.7581116274572,23.7102943400953,24.6213827984594,23.0157319321338,23.1149735845226,23.1212030881364,24.397290240499,23.6963583856583,22.6834949290162,22.9063603102419,24.0659377704263,24.7466691223435,22.4180853130123,22.7538048242725,24.7724895224028,24.8261743672205,8.58
Costa Rica,2018,Costa Rica 2018,6.76991987228394,6.35952629176207,6.35952629176207,15.4330624627482, Costa Rican Colon ,9.36853998664973,21.7524612521086,18.4621854813507,21.7828548287867,23.7706239685725,24.6476480014128,23.0367318983092,23.1626953395834,23.153563126677,24.4248736566291,23.7547396456827,22.7305649352086,22.9557546335827,24.1055839540997,24.7814882246477,22.4407616712649,22.7843921857708,24.8015220025098,24.8571542166244,8.500433
Costa Rica,2020,Costa Rica 2020,6.62898015975952,6.37315058584307,6.37315058584307,15.4492714537087, Costa Rican Colon ,9.34469642447526,21.7326183760194,NA,21.6723354037122,23.6988858415932,24.6450645891571,23.1186074700715,23.0080323410059,23.0561718671203,24.4000534403084,23.6001212232502,22.791460860713,23.0191443932129,24.1471076623193,24.7795472734882,22.3763416177162,22.6086278314937,24.7939212359485,24.852945480394,8.993311
Croatia,2010,Croatia 2010,4.21689987182617,1.87149606590055,1.87149606590055,15.2899721486521, Croatian Kuna ,9.50755189464409,21.5190770030425,NA,21.7477906145335,23.7976029353927,24.6154156301145,23.2955831406899,23.2621252956967,23.2642828465066,24.3045603834427,23.8431964831396,22.7833208911719,23.0430948534069,23.8622134890684,24.6664697044819,22.3370503046082,22.8402817355959,24.7974787654477,24.8287496481598,10.321753
Croatia,2017,Croatia 2017,3.86269998550415,2.03127899926466,2.03127899926466,15.248800139973, Croatian Kuna ,9.50046944807102,21.2096535024699,20.8731367105975,21.4705629595131,24.0432921032419,24.5020244801057,23.1791869673224,23.2272916740845,23.1275003673979,24.1922625974909,24.0312718209692,22.6937867995672,22.9497639554528,23.7579670436905,24.5666966729244,22.2127188846516,22.8575346121325,24.7492197814511,24.7543837351966,10.75
Croatia,2018,Croatia 2018,3.91209006309509,1.98499695901319,1.98499695901319,15.2411424523368, Croatian Kuna ,9.60804208946651,21.3326326192788,21.385304327504,21.6487409739523,24.1501351192147,24.6032277869667,23.2822394656372,23.3933978341391,23.2492452451708,24.2927936148805,24.1677633452375,22.7598113168763,23.0108585699536,23.8441206951613,24.6624719986919,22.3318042803795,22.9748754374696,24.8491418759125,24.8554975008931,10.809689
Croatia,2020,Croatia 2020,4.38901996612549,2.02999594713784,2.02999594713784,15.225733825491, Croatian Kuna ,9.54695545553714,21.2954679996742,20.8011252429505,21.784437563159,23.8946536171775,24.5871232586701,23.3481276101591,23.3521669111018,23.2709564510213,24.2450905810333,24.0510275412448,22.6596403029731,22.921922372319,23.812456377709,24.5958767880879,22.3754715353801,22.6994466704399,24.7726072234231,24.7745639787833,10.446162
Cyprus,2010,Cyprus 2010,6.52559995651245,0.562494470265018,0.562494470265018,13.6285144926593, Euro ,10.3298004931571,20.0889525991879,19.7429949586812,21.3567300129792,23.2861873433224,23.8015190666701,22.2837043680667,22.5439886253259,22.4813153847572,23.5540951678531,23.4376641837997,20.9875045059274,21.3372816038949,23.2225012139502,23.8468540606074,21.6521321038772,22.0478718101044,23.9582682995993,23.972661430801,9.809347
Cyprus,2017,Cyprus 2017,5.69961977005005,0.63403683776909,0.63403683776909,13.6646888310197, Euro ,10.1609165818169,19.8675669263508,NA,20.7642081269509,23.5531181440996,23.6295023987961,21.9440802051205,22.2786416025196,22.2823550966785,23.4244858622132,23.5577148440212,20.8385794099883,21.1686606497627,23.085464066166,23.7210514465623,21.7196278134408,22.0290428083324,23.8255660816304,23.8564328221911,10.87
Cyprus,2018,Cyprus 2018,5.0253529548645,0.613439611346241,0.613439611346241,13.6762496400554, Euro ,10.2522764834507,19.907959284525,18.5283147722207,20.9772333657527,23.6776325319109,23.733893404893,22.0370547982611,22.3200436322205,22.29722877031,23.5314565177545,23.6586902537086,21.0338623451395,21.3253244869377,23.1641447754495,23.8283327003743,21.8527250044017,22.1526415596535,23.9284763989684,23.9657529913364,10.91709
Cyprus,2020,Cyprus 2020,5.63694000244141,0.628878701357768,0.628878701357768,13.6823505249487, Euro ,10.187274549019,19.9668132562426,NA,21.0321028733454,23.7365400796294,23.7351417960948,22.3137167778587,22.3381640497702,22.4006699486866,23.4589009356222,23.7533287728299,21.0728611234465,21.3496946432811,23.2449722725276,23.8255504860709,21.8753908349609,21.7989176030315,23.869582084875,23.9424723905978,10.91709
Czechia,2010,Czechia 2010,4.03350019454956,3.00063274659806,3.00063274659806,16.1635230244226, Czech Koruna ,9.82466077199016,21.8929339206108,19.3600431070435,23.3144972854718,25.6432467627818,25.6999995793739,24.4828319959945,24.7698417962252,24.7653592240193,25.3579948251858,25.5984631601552,24.5033641590554,24.7486867163951,24.9920497591015,25.9650128520113,23.7807830830377,23.8982693656425,25.9859560258565,26.065600088916,10.843941
Czechia,2017,Czechia 2017,3.80615997314453,3.19361271610583,3.19361271610583,16.1698629030102, Czech Koruna ,9.88257030428074,22.2270152130409,21.8005919877204,23.0984000481196,25.87655743145,25.6999995793739,24.4371063623929,24.7777602475858,24.7254802878555,25.3676567360974,25.7731218442024,24.6638893114256,24.8301538530065,25.0022588819718,26.001380496182,23.8232490545162,23.9848514881577,26.0511420057408,26.1123375667675,11.65
Czechia,2018,Czechia 2018,4.26605987548828,3.12368197177766,3.12368197177766,16.1701750662718, Czech Koruna ,10.0141340726232,22.29630516962,21.3332053010558,23.2527501281358,25.9807612089794,25.835253625309,24.6010975109858,24.9386515009956,24.9111001065999,25.4939504614205,25.8994155695259,24.7568071482197,24.9214081759107,25.1687155363989,26.1349118888059,23.9720929304486,24.106543929042,26.1828513510948,26.2407187334151,11.33578
Czechia,2020,Czechia 2020,4.72159004211426,3.18677609720809,3.18677609720809,16.169829478297, Czech Koruna ,10.0075772610605,22.296581257587,NA,23.2600382809835,25.8707603137657,25.829211310853,24.7036258402501,24.8873077398565,24.9079624127837,25.4417647082504,25.7666909538721,24.6844752020863,24.8639089951805,25.2112459222699,26.1349118888059,24.0351997136269,24.0261124058115,26.1785869523084,26.2285973728828,11.116524
Denmark,2010,Denmark 2010,8.55955028533936,1.89071073948263,1.89071073948263,15.529461627149, Danish Krone ,10.9845806049853,22.0765584662589,NA,23.2302143971206,25.8170160377593,26.2080627704412,25.2019283480391,24.7872201827231,24.7969000207629,25.7537037583454,25.6649082595629,24.2845016297646,24.6586419098822,25.6861104672133,26.3508869506406,24.1059596942426,24.3572291750142,26.5132260078467,26.4978173824939,11.091454
Denmark,2017,Denmark 2017,7.11585998535156,2.02852889404764,2.02852889404764,15.5624966598819, Danish Krone ,10.9879333012867,22.1896539888197,21.5274545553559,23.5047100511943,25.9327519897933,26.1828513510948,25.1186734239783,25.0170466828442,24.9860581443855,25.7602184393665,25.7921700391729,24.4892640869053,24.6888392838719,25.6999995793739,26.3896925250623,24.0876280855324,24.4629112585443,26.5492659443298,26.5284008058659,11.42
Denmark,2018,Denmark 2018,7.29690980911255,1.98987491923851,1.98987491923851,15.5676082968052, Danish Krone ,11.0603687493282,22.021615389747,21.6763161724653,23.5856039974812,26.0315335343526,26.2606001039689,25.1848480524514,25.1133050443883,25.0806151221525,25.8472298163556,25.9162226878422,24.5671161453454,24.7629433768749,25.7731218442024,26.4598381344288,24.1106243237383,24.5519400615488,26.6286276850037,26.6010016187289,11.37422
Denmark,2020,Denmark 2020,7.38354015350342,2.02050757948642,2.02050757948642,15.5777797659351, Danish Krone ,11.0500483814663,22.2992953552551,20.5826580208209,23.5524646496619,25.9962653955153,26.2526949244618,25.2001100525495,25.111576159487,25.1007251541245,25.8231322647767,25.87655743145,24.5704229231788,24.7142739564331,25.7666909538721,26.4566071138474,24.1974026511286,24.5448042157141,26.6286276850037,26.5953836264246,11.098828
Dominican Republic,2017,Dominican Republic 2017,3.9202675819397,3.88227196362976,3.88227196362976,16.1808117312088, Dominican Peso ,8.87598589132597,22.1758227598476,NA,22.8501876847108,23.6648192632224,24.8869740966621,22.8923996542208,23.6123628020839,23.6668488514586,24.7407087727453,23.7788616621646,23.1459793837077,23.3669884341864,23.9644966301742,25.0309479014622,22.7243652289236,23.4027306069377,25.0566829757925,25.1052680460345,6.33
Dominican Republic,2018,Dominican Republic 2018,3.91821074485779,3.9221711951218,3.9221711951218,16.1918601069743, Dominican Peso ,8.93656120469339,22.205825759303,16.3482863923947,22.9993643752377,23.7264462538383,24.9386983483768,22.9523328034859,23.8174663419516,23.8168957834008,24.7911339315649,23.9173228582095,23.2159514494143,23.4253647503474,24.0168435310166,25.0953990081586,22.7833107850872,23.4558927889679,25.1283213821842,25.1724298439262,6.6819587
Dominican Republic,2020,Dominican Republic 2020,4.51769828796387,4.05221152341569,4.05221152341569,16.2133753757534, Dominican Peso ,8.82776136765472,22.2842237915321,NA,22.9901972912218,23.3922410900258,24.8961965617335,23.0213821022876,23.7196021530799,23.7941333785657,24.729689191281,23.7435932358512,23.1559276333547,23.3783628367424,23.9900519337352,25.0238381209016,22.7063233600634,23.1751890913552,25.0410160239918,25.0907453716857,6.558533
Ecuador,2010,Ecuador 2010,4.60028982162476,0.693147180559945,0.693147180559945,16.5228662512851, US Dollar ,8.42836197770962,22.6357530391361,21.5876597243333,22.5952490745325,23.6886646168144,24.6971958792111,22.9404092658703,23.6937549664466,23.5639739076546,24.5077305466869,23.8386327642313,22.9556144999479,23.5940785579325,23.7978470906262,24.9204596642895,22.4064470266554,22.8696121216062,24.9511088975166,24.9653889198584,7.336009
Ecuador,2017,Ecuador 2017,4.6142578125,0.693147180559945,0.693147180559945,16.6307363265208, US Dollar ,8.71620797115185,22.9984829192646,20.632210294423,23.2154271083006,23.8018568648208,25.0758019314367,23.4443782217973,24.0341453995773,24.0002692769761,24.858080123665,23.8375067939663,23.4301851322156,23.8067060115733,24.2474898160975,25.2988293694584,22.7137441891347,23.223510669831,25.3482386502405,25.3676567360974,8.86
Ecuador,2018,Ecuador 2018,4.62145519256592,0.693147180559945,0.693147180559945,16.6496454184702, US Dollar ,8.72404474595347,22.9877350623245,20.9486061743582,23.218544840817,23.9143202918044,25.1056862690844,23.485122804414,24.0826140648311,24.0380946895298,24.8853048725614,23.9640591884279,23.4313417044526,23.8534584153461,24.288356173729,25.3279954559091,22.7389606773832,23.2472209896277,25.3772261871135,25.4053970640799,8.754255
Ecuador,2020,Ecuador 2020,4.26103019714355,0.693147180559945,0.693147180559945,16.6827612954497, US Dollar ,8.60940767540405,23.0028850208417,20.5256182352171,22.964319828752,23.8007154613759,25.0417896672895,23.5107918774519,23.8092671505848,23.7710550757646,24.7980355219523,23.6874532624263,23.5200635183107,23.7727614119549,24.269162863514,25.2577735942372,22.6916706449304,23.1272089664444,25.2920505993567,25.3213220183126,8.69649
El Salvador,2017,El Salvador 2017,3.7252299785614,0.693147180559945,0.693147180559945,15.6507532774282, US Dollar ,8.2337687092171,21.0212422412248,18.9025511894392,20.9914668811485,22.7044603907571,23.936980767319,22.1170123618395,22.1501693701815,22.1105272305896,23.7602067503117,23.1488912331166,22.1140028152624,22.32869974424,22.9666634001187,23.8434817579879,21.4174724566025,22.0011645256991,23.8841552818182,23.9413089152174,6.55
El Salvador,2018,El Salvador 2018,3.60575008392334,0.693147180559945,0.693147180559945,15.6522980439867, US Dollar ,8.27205962221041,21.0126403564015,19.5610814112412,21.0796609765436,22.7420235637532,23.9760792180235,22.1564125742701,22.2877960769167,22.2201231455028,23.799246841442,23.2207218495523,22.1298802843496,22.3518575456431,23.0131910401407,23.8803490851344,21.4093059042017,22.0533748576368,23.9240086758393,23.9821641202919,7.6339335
El Salvador,2020,El Salvador 2020,3.66088008880615,0.693147180559945,0.693147180559945,15.6549058746008, US Dollar ,8.2147358333823,21.0157205218435,19.485167028171,21.0301920807869,22.563068486818,23.9169089744331,22.3052055332125,22.2611320103284,22.1968181683993,23.6943310043535,23.0994733177672,22.0225501605303,22.2321414779372,22.9997958842119,23.8235074476486,21.3249739122156,21.9513467273531,23.8694855248134,23.9245077115974,7.6372886
Estonia,2010,Estonia 2010,5.51778984069824,0.562238137996573,0.562238137996573,14.1018437210467, Euro ,9.5384203490348,20.2443783669847,18.0024453618862,20.7177455119515,23.408454730941,23.3668495982953,22.0639253915658,22.1624769563604,22.1467468195783,23.0497579147866,23.3190231281837,21.7112738733472,22.0509548331621,22.6670977966328,23.5618788093238,21.6356831435854,21.5252479007032,23.640218900777,23.6954794703247,11.240217
Estonia,2017,Estonia 2017,4.96131992340088,0.63403683776909,0.63403683776909,14.0912845093417, Euro ,9.9001820955274,20.2807990619397,18.7612937955537,21.1670673699043,23.7393563219115,23.652177182867,22.3690078861491,22.6868872569275,22.6669595893225,23.3276132425021,23.6843698031466,22.0220084215417,22.3130986746695,22.9919626329356,23.874179729042,21.8607579989577,21.9667485452982,23.9913988845523,24.016298222365,11.36
Estonia,2018,Estonia 2018,5.23997020721436,0.613439611346241,0.613439611346241,14.0947690010609, Euro ,10.0289300682266,20.276730506637,19.4535410680025,21.3354278576142,23.8483357233358,23.7775325565264,22.4911177738821,22.8731418248615,22.8398688709957,23.4542102356956,23.8109479520962,22.1404929543016,22.4303624136987,23.1226630853962,24.0056919242854,21.9973590818143,22.1222657276435,24.1236606343573,24.1450733693451,11.6930065
Estonia,2020,Estonia 2020,5.52696990966797,0.628878701357768,0.628878701357768,14.1002721198738, Euro ,10.0576668033838,20.281920612473,17.6382424406652,21.3580842606115,23.8020279605876,23.8190896657889,22.5965843012415,23.0084342465211,23.003770147797,23.4702533005207,23.8008524072858,22.1160707247688,22.3832744615284,23.2153258509748,24.0390775915892,22.0736504818082,22.0610211178726,24.1578976841532,24.1691304690153,11.719313
Eswatini,2010,Eswatini 2010,6.11837005615234,2.11880911436123,2.11880911436123,13.9107489170077, Lilangeni ,8.25088114470065,19.9265574720718,NA,18.8404749911653,21.4473025310461,22.2351831226575,20.6481633644411,20.2815924637436,20.2815924637436,22.0063556161567,21.6957596521443,21.0905881180799,21.1429602775452,20.9919501462519,22.1874466102201,19.2152878512545,20.3226814258356,22.1613492745711,22.213642046102,4.089244
Eswatini,2017,Eswatini 2017,6.17791414260864,2.66261909118789,2.66261909118789,13.9564813346222, Lilangeni ,8.1797604936999,19.7315773957958,NA,18.6605201879309,21.3731083577841,22.1079336599701,20.8250790669192,20.1518875353385,20.1518875353385,21.7832490277158,21.3906980286049,20.9949040794489,21.0337505989158,21.1087727452576,22.1578613012363,19.1242325432502,20.3128203101168,22.135841819708,22.2052171600075,5.74
Eswatini,2018,Eswatini 2018,5.73687362670898,2.65611888778527,2.65611888778527,13.9643003222994, Lilangeni ,8.22790983759748,19.8007476094107,NA,18.7185978418765,21.3580822056764,22.1427402267652,20.7943895564301,20.242150358338,20.242150358338,21.8420834309753,21.4498026736192,21.0268674565523,21.0711447218349,21.1610085444555,22.2131241380481,19.1936354983902,20.3980374656869,22.191971783885,22.2633833490476,4.5254297
Eswatini,2020,Eswatini 2020,5.36010456085205,2.86049977028943,2.86049977028943,13.9815807741722, Lilangeni ,8.01268092970684,19.6244852511171,NA,18.4569097170803,21.3047450918942,21.9822628720629,20.628183130968,20.0482276424385,20.0482276424385,21.6836077728829,21.2423350709958,20.777258091512,20.8581037116265,20.9921348870415,22.033011534231,19.217311037452,20.2017572614428,21.9939881222796,22.1027217307071,4.5254297
Ethiopia,2017,Ethiopia 2017,5.49905061721802,3.21350560943884,3.21350560943884,18.4994729870439, Ethiopian Birr ,6.56103066589657,23.9790765307617,19.7841337972592,23.2552851598609,22.4912340073538,24.8113137458732,22.8670031849203,24.1084311971152,24.0950998774189,24.6568962191107,23.6151335306502,22.2816127179049,22.4335856466623,23.3308091819347,25.0024688181409,21.9031280458521,23.1492209288781,25.058442825967,25.0644012831828,4.51
Ethiopia,2018,Ethiopia 2018,5.22011184692383,3.34742334927819,3.34742334927819,18.5262061970073, Ethiopian Birr ,6.5792512120101,23.9437688500655,19.6676640566541,23.5274935269044,22.6277218776027,24.8323573370456,22.8300730442056,24.033890032702,24.0211096333846,24.6873009395105,23.6306792097467,22.2653564919135,22.40738172241,23.3840979487217,25.0559326839087,21.8298483878541,23.1974634368384,25.1034309815096,25.1079180781592,4.4886994
Ethiopia,2020,Ethiopia 2020,4.09056520462036,3.5814937057227,3.5814937057227,18.5793148894385, Ethiopian Birr ,6.71052310945243,24.2600791257847,19.5344391554695,23.5107146704733,22.6528248016009,25.0605384874584,22.9004145667185,24.1092188394265,24.0988567680821,24.9380195706209,23.5149715424136,22.35723204252,22.52867298055,23.5308400004787,25.2479136212704,22.1138745008139,23.4311301855124,25.288370104704,25.2939589243497,4.3491125
Finland,2010,Finland 2010,6.50444984436035,0.562494470265018,0.562494470265018,15.4950847945607, Euro ,10.7592424086558,22.519590818511,NA,23.3771941850935,25.284708281171,25.9702899091122,24.8011701876014,24.7294793204923,24.7422705267859,25.5984631601552,25.2485445725393,24.4676645542599,24.6545383682089,25.3383863537976,26.1077608997401,23.8149107855407,23.9052257664215,26.2526949244618,26.2407187334151,12.208893
Finland,2017,Finland 2017,6.36311006546021,0.63403683776909,0.63403683776909,15.5217377376316, Euro ,10.745851834242,22.5017136051529,21.1972656171842,23.4852581151519,25.2875583807409,25.9911239960149,24.7881026102303,24.840241032967,24.8137180391375,25.6359207226898,25.2863337417907,24.3832578495597,24.5637608933708,25.3772261871135,26.1214285384687,23.8709776800868,23.9051282707645,26.2684432814299,26.2684432814299,12.05
Finland,2018,Finland 2018,6.27557992935181,0.613439611346241,0.613439611346241,15.5230659786933, Euro ,10.823571082649,22.607342911175,21.8876438890072,23.5959709990892,25.3867049310679,26.0703733676686,24.8686347929205,24.9669737449625,24.9198925500798,25.7068724586616,25.4237462027479,24.4180647876936,24.6043066066911,25.4594642853497,26.1955365106221,23.9438258579997,23.9668089454988,26.3472833431374,26.3436667026672,12.047586
Finland,2020,Finland 2020,6.6349401473999,0.628878701357768,0.628878701357768,15.5256023471883, Euro ,10.8196182716089,22.6218052526635,20.8661689892474,23.6213420837324,25.3048987628029,26.0462758160897,24.9115278228108,24.9223694854239,24.90490315176,25.6577397700843,25.2989404998022,24.3803119079988,24.5772264254422,25.4681979653184,26.1828513510948,23.8866904649607,23.9274293923389,26.3436667026672,26.3290679032461,11.738752
France,2010,France 2010,5.64279174804688,0.562494470265018,0.562494470265018,17.9832634071413, Euro ,10.6424442691274,24.4701359700105,NA,25.6861104672133,27.2857099306415,28.3729584606584,27.1753147913852,27.0862939404886,27.0931668197763,28.0094575516495,27.3326150801151,26.332737632135,26.5162794453336,27.9086528525276,28.4981216036124,26.170003208617,26.4726588228578,28.6242728889392,28.6018000330872,11.24583
France,2017,France 2017,5.45160007476807,0.63403683776909,0.63403683776909,18.0110904087832, Euro ,10.595959505181,24.4128448744698,23.9179871881765,25.5752961008738,27.4116205508944,28.329155838,27.1432607650952,27.1334407189142,27.0931668197763,27.9674933525505,27.4458956318031,26.295419869128,26.4915868327433,27.8856633343029,28.4682686404627,26.1526114659052,26.4369986424591,28.6055807559271,28.5865325609564,11.3
France,2018,France 2018,5.40716981887817,0.613439611346241,0.613439611346241,18.0134595949064, Euro ,10.666883482305,24.552329651574,24.0162178034417,25.6577397700843,27.5088534819555,28.3964889580686,27.2002381998376,27.2245555074883,27.1831702913255,28.0364862240374,27.5400017175425,26.3508869506406,26.5551483142329,27.9603248630719,28.5392796761058,26.2163272802911,26.5070910192792,28.6818427407607,28.6570627117622,11.17285
France,2020,France 2020,5.65981006622314,0.628878701357768,0.628878701357768,18.0172205995605, Euro ,10.5996302420759,24.4471268944668,23.7579698677148,25.5435474025595,27.3080572293335,28.3537270987305,27.2124707682732,27.1626162080481,27.1284942949789,27.9746108203193,27.3774183571309,26.2245240474952,26.4630587491289,27.9311257083796,28.485436444085,26.1870976419763,26.3931467599304,28.6168379104517,28.6018000330872,11.2687235
Gabon,2017,Gabon 2017,3.55570793151855,6.36588049642479,6.36588049642479,14.5764173164839, CFA Franc BEAC ,8.78508063653984,20.4824756658805,NA,20.3334244366005,22.7370371713734,22.7955012458312,21.404011164963,21.8877603426508,21.8877603426508,22.5095450983958,22.033955751869,20.7573681484018,22.5332453907337,22.2252148826117,23.3713125033468,20.9837023429425,20.4553809604035,23.361313906859,23.4266147700524,6.03
Gabon,2018,Gabon 2018,3.07154297828674,6.32157095476624,6.32157095476624,14.6003308576894, CFA Franc BEAC ,8.8805855231025,20.6365308519388,NA,20.1345669543002,22.8770692434394,22.8389560101663,21.3010975452847,22.034876784147,22.034876784147,22.5970873609781,22.0471202610931,20.9735358903911,22.7239417311121,22.2705991174768,23.4985914735419,21.1709518109379,20.6335812876678,23.4807212919322,23.5486445894649,6.024927
Gabon,2020,Gabon 2020,3.39874076843262,6.35712451245048,6.35712451245048,14.645185761763, CFA Franc BEAC ,8.73472100394481,20.7430723407057,NA,20.0656415815255,22.7117164816128,22.8573702376928,21.424914159188,21.8375883610748,21.8375883610748,22.58461371405,21.9715757240329,20.959962347393,22.4673099821573,22.1956761368958,23.3942947107228,21.4015600127336,20.5794807677383,23.3797695341326,23.4522233940576,6.024927
Georgia,2010,Georgia 2010,2.80364799499512,1.02329289940386,1.02329289940386,15.1601575840641, Lari ,8.05038445306702,20.7573417971787,19.0958168240731,19.9340176785838,22.1181985168753,23.192252394555,21.3490253913877,21.644664776882,21.5632685101889,23.0199139430598,22.5339739087646,20.8355799729508,21.1989358897728,22.1945023912501,23.1047356184763,20.9498894107521,21.4717909105762,23.2103078013267,23.2282366887222,7.8855686
Georgia,2017,Georgia 2017,3.52442002296448,1.25548544974929,1.25548544974929,15.1430896763677, Lari ,8.31776616671934,20.7367382421658,19.492419694058,20.9709837304427,22.7457819699326,23.3329134262348,21.5342476331658,22.2122616504468,22.1441057506289,23.151967429012,22.9577376463598,21.0571593436427,21.4175284691588,22.5063843514241,23.3683975165006,20.9819591524874,21.6573145114868,23.4606963792537,23.5109086185224,8.88
Georgia,2018,Georgia 2018,3.46094989776611,1.26246173531858,1.26246173531858,15.1432023453, Lari ,8.4084937744929,20.897304732844,20.0762684139388,20.9606996803186,22.9091093018684,23.3989559165175,21.566775785101,22.3225538679665,22.2107376001916,23.224526066936,23.1000715962511,21.1646164320063,21.5285895603342,22.5743607583884,23.451288870859,21.0572983011705,21.7683772735565,23.5514623292082,23.5911411813835,9.153195
Georgia,2020,Georgia 2020,3.8498592376709,1.4131837461111,1.4131837461111,15.1415008864985, Lari ,8.29729437026692,20.8673591280814,19.2696418375429,20.9066879920265,22.4998035696286,23.4394956316425,21.5697512951386,22.0531020421356,21.98928410169,23.2720669389416,22.9167699131268,21.1159124412898,21.4908525336576,22.4513439658191,23.3533312947242,20.9779348084505,21.6168798628743,23.4384671523058,23.4862084761443,8.273992
Germany,2010,Germany 2010,5.09588003158569,0.562494470265018,0.562494470265018,18.2139651492902, Euro ,10.6596330061604,24.0300202243402,23.2252934344484,25.6060677595404,28.0025846723617,28.5631851969594,27.2215479864244,27.2482954947913,27.2290498970761,28.2569595467956,27.8700380163998,27.2290498970761,27.3825597566313,28.0364862240374,28.7461627065482,26.3253846578298,26.5639074943227,28.8722897049985,28.854796547551,11.262253
Germany,2017,Germany 2017,4.87182998657227,0.63403683776909,0.63403683776909,18.229815291811, Euro ,10.7306410129438,24.1712439932429,23.3183726787927,25.7731218442024,28.1849062291556,28.6093472387225,27.3190463509091,27.3748377105374,27.3565842702281,28.2833463019688,28.0230632037052,27.3473310647476,27.4778699364355,28.1010247451749,28.8339934199212,26.4203593234552,26.6765091712368,28.9607451255603,28.9366475739813,11.74
Germany,2018,Germany 2018,4.97933006286621,0.613439611346241,0.613439611346241,18.2331057761272, Euro ,10.8109796900539,24.0333531274634,24.0319291482741,25.8880518108756,28.2622928927709,28.6818427407607,27.3952987824087,27.4929078138001,27.4614183315436,28.3585697232063,28.1257173577653,27.402865022792,27.5367104364584,28.1791425244388,28.9063839163414,26.5193235877148,26.7491318107741,29.0444441444369,29.0097872106279,11.264978
Germany,2020,Germany 2020,5.59038019180298,0.628878701357768,0.628878701357768,18.2383070537995, Euro ,10.7800806575517,24.0997480699118,23.3805863762991,25.9755392649983,28.1438447423578,28.6642055992746,27.4731970307362,27.4790347589318,27.4626024643048,28.3039655891715,28.0025846723617,27.3135668851445,27.4614183315436,28.1849062291556,28.892318986874,26.4978173824939,26.7172272642555,29.0173154770487,28.9894302735592,11.03309
Ghana,2017,Ghana 2017,3.18611741065979,1.67723518064555,1.67723518064555,17.2240893961878, Cedi ,7.55013534248843,23.1927089493072,20.7541015779235,22.1977255439984,23.7418674911839,24.628299905492,22.1588907074135,23.2441257375741,23.1575782929191,24.5398676868827,23.8211344974215,22.5368275763157,23.3423661541316,23.1024754849344,24.7516998311605,22.3678290083676,23.0544238591844,24.7738066609224,24.8243050659455,5.7
Ghana,2018,Ghana 2018,3.01595592498779,1.72040965572705,1.72040965572705,17.2453161931523, Cedi ,7.64108424917491,23.2248437571322,20.6986445699109,22.1576830467731,23.8371126269887,24.6887306469083,22.2876823517803,23.4470450010599,23.380872933095,24.5937352232615,23.867978804007,22.6414413386404,23.5433499127715,23.1343913365916,24.8594367793486,22.5372334732958,23.2168327896546,24.8860317645036,24.9320846727262,5.826932
Ghana,2020,Ghana 2020,3.40915989875793,1.88641918495072,1.88641918495072,17.2868681916817, Cedi ,7.69621263934641,23.3039199193389,20.7117309400814,22.2244417516027,23.3983562571125,24.7239498408502,22.4256042937985,23.3154310997651,23.2385508525565,24.6181171531425,23.2461697026817,22.7608248443283,23.5229614048643,23.1881876885811,24.9096360509326,22.6994541380483,23.2627750116778,24.9827931809309,24.9723765396182,5.9587283
Greece,2010,Greece 2010,4.14056491851807,0.562494470265018,0.562494470265018,16.2164723967665, Euro ,10.1776283544212,22.9059889021142,22.0754688200127,23.2088655360203,24.8930961560182,26.3067621457319,24.9184085796596,24.7008813616671,24.6257160382018,26.0215832034994,25.1922401515542,23.8722359089353,24.1959703444895,25.6285406153922,26.2916103407113,24.0226810830163,24.5625860610315,26.3931467599304,26.4169979757525,10.464372
Greece,2017,Greece 2017,3.47708988189697,0.63403683776909,0.63403683776909,16.1850277738941, Euro ,9.83080932703814,22.7653659891674,19.9524000064973,21.6601770850838,24.9719564531519,25.9106516427928,24.4357328277426,23.9024284370486,23.8829865073295,25.6505195221109,25.0141751907456,23.5084901454969,23.93748846354,25.2088615865738,25.8823211361667,23.6131792065209,24.2043643057621,26.0165706616759,26.0215832034994,9.77
Greece,2018,Greece 2018,3.59734010696411,0.613439611346241,0.613439611346241,16.1794985110452, Euro ,9.8895407464035,22.7656366222188,22.156058879985,21.7779709389323,25.1382948748948,25.9650128520113,24.4593613819548,24.0513411172527,23.8884975285589,25.713698423732,25.1923120889197,23.5756950377974,23.9824348628778,25.2535103768458,25.9382015945608,23.669769808285,24.2883103409093,26.0703733676686,26.0798521116231,10.073087
Greece,2020,Greece 2020,4.49500036239624,0.628878701357768,0.628878701357768,16.1680501846055, Euro ,9.79171765169312,22.80362782551,22.4556234058939,21.8425233928879,24.824825907597,25.8880518108756,24.4887072150135,24.0649082989942,23.8417264892319,25.6060677595404,25.0403586912047,23.5250460709266,23.9509967158037,25.1696398855332,25.835253625309,23.4667087944279,24.0755825680854,25.9597077997817,25.9650128520113,9.964251
Guatemala,2010,Guatemala 2010,2.8486499786377,2.20362304485813,2.20362304485813,16.4926287250403, Quetzal ,7.90691548867859,22.2003338390028,17.3647811604841,21.2648251428035,22.9991349297614,24.3914490730579,22.2386731337646,22.5814990117592,22.5760591366458,24.2679684269384,23.4118818775002,22.4687478524524,22.7443270556034,23.3512630756947,24.3683221438331,21.8526633819262,22.7644895965794,24.3992402352776,24.429054674165,6.0727935
Guatemala,2017,Guatemala 2017,2.95009994506836,2.12201465210131,2.12201465210131,16.6236307445168, Quetzal ,8.35019365072007,22.6616842332,NA,21.9523565082098,23.3074441634531,24.948891772639,22.7482280720508,22.9997246960885,23.0007041189251,24.8315377969698,23.7068281027592,23.038980157397,23.2310399143624,23.8899540051201,24.9340369741962,22.3491241236944,23.4929446189765,24.9736013962727,24.99511141896,6.29
Guatemala,2018,Guatemala 2018,3.13193988800049,2.14231828239515,2.14231828239515,16.6398717191585, Quetzal ,8.35796296584568,22.65752319692,18.0541874574496,21.9681516361319,23.3127780400048,24.9865432159831,22.8218117639239,23.0370176314079,23.0301393953139,24.8646232862655,23.7748882090462,23.0488292353114,23.227902839932,23.9301206511534,24.955497030885,22.3656880182009,23.518790880094,24.9975116478784,25.0182134095537,6.2009287
Guatemala,2020,Guatemala 2020,3.29503011703491,2.16580844020449,2.16580844020449,16.6698358793561, Quetzal ,8.38640090116621,22.7621167729585,NA,22.1070468971198,23.2628774745883,25.0263245639204,22.9151659765884,23.0554805024933,23.0657022439348,24.8972431605486,23.6820775223583,23.1174235523162,23.3046449614183,23.9797209007552,25.0162376030824,22.3678213172887,23.5658748071911,25.0560887955247,25.0751681258982,6.29769
Guinea,2017,Guinea 2017,2.3203399181366,9.1148553227631,9.1148553227631,16.3202843754493, Guinea Franc ,6.73340189183736,21.474444486123,NA,19.8324341287726,22.2517165886349,22.9486633098893,21.1789160418846,21.5558908721411,21.7016806276134,22.7618805654746,22.4884875466595,20.7573728396489,21.7733370201274,21.3419045790998,22.9730117112274,19.823162644531,21.3301645312598,23.0528862939007,23.0578018453015,4.54
Guinea,2018,Guinea 2018,2.38432002067566,9.10632719036717,9.10632719036717,16.3456187978278, Guinea Franc ,6.81673588059497,21.6967654485204,16.0641032435561,19.8550930004625,22.2850601083721,23.0799069561375,21.3306885308453,21.5638545505424,21.559758384782,22.8888556290209,22.4782758409711,20.862488082407,21.899307036912,21.4819181923774,23.1242461122274,19.9787644233001,21.4724121072008,23.1611482729813,23.1961868084379,4.6119046
Guinea,2020,Guinea 2020,2.43267011642456,9.16597901535952,9.16597901535952,16.3961177658945, Guinea Franc ,6.88243747099785,22.0195568750303,NA,19.044689485288,22.9335721522305,23.2568440529984,21.6213224698684,21.470535781392,21.588329969051,23.0401164828557,22.9902720600424,21.0266568734889,22.0821766604952,21.5545567299491,23.3061482258526,20.4162936596764,21.6270693729006,23.277437045511,23.3749415790475,4.56822
Hungary,2010,Hungary 2010,4.72375011444092,5.34206707129916,5.34206707129916,16.116777382424, Forint ,9.44248330708719,22.1121624769497,21.0030509170718,22.2595657720143,25.3960946714177,25.3071814927575,24.0656344009972,24.0554863769574,24.0070902250234,24.9661874439669,25.3383863537976,23.8969505931917,24.0787926200057,24.6168725805351,25.4417647082504,23.2644910242316,23.2963091002759,25.5595477439058,25.6060677595404,10.68446
Hungary,2017,Hungary 2017,4.64757013320923,5.61834561491801,5.61834561491801,16.0967639392081, Forint ,9.54888189471877,22.4045991458501,20.828954490861,22.3609253358115,25.535450192327,25.3383863537976,24.0870516587102,24.2216978289021,24.1875034799152,24.9956121914221,25.4594642853497,24.0327987838987,24.1533021855525,24.6718907167264,25.5190563825514,23.3214173920439,23.4095660915165,25.6432467627818,25.6861104672133,10.74
Hungary,2018,Hungary 2018,4.62343978881836,5.60289957394627,5.60289957394627,16.0954776823052, Forint ,9.66656196374813,22.4456600825159,21.8488621574016,22.65000205092,25.6211056369048,25.4327960382678,24.1769394530566,24.4855934877333,24.411306368288,25.093669694548,25.5752961008738,24.1147495742163,24.2321070495469,24.7830253267216,25.6359207226898,23.424013165872,23.5493166298898,25.7602184393665,25.8046702019371,10.6924305
Hungary,2020,Hungary 2020,4.1535701751709,5.73333048946092,5.73333048946092,16.092836713036, Forint ,9.6638969875516,22.3967667736749,20.6897970981454,22.7458488976696,25.5435474025595,25.4327960382678,24.2345963508618,24.4806767524474,24.4578422848306,25.0776660735195,25.5190563825514,24.0274398761955,24.1504290811826,24.7915070039221,25.6136149651757,23.3977259803364,23.4976681389683,25.7537037583454,25.7795116423011,10.271568
Iceland,2010,Iceland 2010,6.9442400932312,4.81414837014758,4.81414837014758,12.6708564250334, Iceland Krona ,10.5082132714952,20.5785932718754,NA,20.1384336674213,22.6855706281139,23.0731681758029,21.9509105995137,21.371764554614,21.3841551485541,22.6793193013439,22.4745087240389,21.3018605466392,21.6293544848882,22.5246591514728,23.2415454671492,20.9165022889547,20.9374508610156,23.1790394953126,23.3443891606888,10.965888
Iceland,2017,Iceland 2017,7.58385992050171,4.68064467831339,4.68064467831339,12.7473295063897, Iceland Krona ,11.1887730270225,20.6565456342046,NA,21.2115315919612,23.1488469081708,23.6270365796177,22.4905586590978,22.405263455131,22.4066911402646,23.2399798393496,23.0456146668726,21.5118890299233,21.8857806714377,23.1057882539383,23.8135853698789,21.6259368026487,21.7958140881592,23.9360816428548,23.9312135743044,10.65
Iceland,2018,Iceland 2018,7.56349992752075,4.69409800817296,4.69409800817296,12.774073183, Iceland Krona ,11.234004898187,20.7532113488721,18.0846664344665,21.3407490524233,23.2286360324223,23.6959764583827,22.5703436806892,22.4897544680272,22.4774642205306,23.3037526469089,23.1550411787958,21.540831173762,21.9127154696105,23.1715056668643,23.8775882517342,21.7141634243684,21.8237451419876,24.00805606845,23.9914698788457,10.705074
Iceland,2020,Iceland 2020,8.58382987976074,4.91575090869529,4.91575090869529,12.8122175399683, Iceland Krona ,11.0205453388661,20.6627060323418,16.9674889429659,21.1453633315285,22.7347075876662,23.5680026583778,22.5223679362992,22.2533452120257,22.2482696580805,23.1349577033637,22.7507541454744,21.3588502970632,21.7341744570464,23.0576234227813,23.6987523715938,21.3262950593592,21.5271454864512,23.8327446027104,23.8003326669625,10.718311
India,2017,India 2017,4.30639696121216,4.19149499696058,4.19149499696058,21.0264735216739, Indian Rupee ,7.55903825544338,26.7986118680374,24.3201028961788,25.9382015945608,26.9237750109911,28.2298576170178,26.3687127345932,27.4239969464955,27.3787061873153,28.0628035323547,27.079373497644,26.6996167462469,26.9596354271521,27.4190647540061,28.4981216036124,25.7537037583454,26.3896925250623,28.5865325609564,28.5941954337019,5.78
India,2018,India 2018,4.3769326210022,4.23985574570283,4.23985574570283,21.0373487988817, Indian Rupee ,7.5999019592085,26.8168356069938,24.5632981604622,26.011532867646,27.0350006461011,28.2937090890043,26.4237094103404,27.518971612121,27.4649665315996,28.1257173577653,27.2079010725832,26.7418590514451,26.9999093262899,27.4917590485962,28.5513038690726,25.8590642740026,26.4203593234552,28.6353227251258,28.646251795658,6.9247475
India,2020,India 2020,4.04014158248901,4.31881479150978,4.31881479150978,21.0571541151636, Indian Rupee ,7.54380286750151,26.9115299600311,NA,25.9050493872441,26.9378739353706,28.2988504885047,26.5009181601722,27.3366500553273,27.3393310220806,28.1134472651735,26.9576765626667,26.6258991703505,26.89287656944,27.5345102155488,28.5230191552341,25.6505195221109,26.2407187334151,28.6018000330872,28.6130995883411,7.1021705
Indonesia,2010,Indonesia 2010,2.81227993965149,9.1150878571392,9.1150878571392,19.3127450679458, Rupiah ,7.99294454731811,25.3772261871135,23.3765888669297,24.9568389105265,25.9327519897933,26.9217445534408,24.9428196874108,26.2366945831154,26.1785869523084,26.7729992921807,25.8531645518754,25.835253625309,26.2606001039689,25.5752961008738,27.3231363361606,24.7334943118706,25.5435474025595,27.3052909758406,27.3499835861968,7.230374
Indonesia,2017,Indonesia 2017,1.05324387550354,9.50165338557568,9.50165338557568,19.3933474727693, Rupiah ,8.22121009392507,25.6211056369048,23.4795754561909,25.3772261871135,26.0462758160897,27.2364959478602,25.2518813853329,26.5580765740119,26.5132260078467,27.0897362846796,25.9962653955153,26.0462758160897,26.4102411932896,25.9597077997817,27.6077524889902,25.259497335676,25.8046702019371,27.6138749570946,27.6508237432257,7.93
Indonesia,2018,Indonesia 2018,0.99443644285202,9.56366542519102,9.56366542519102,19.4030095370916, Rupiah ,8.2393294279018,25.6136149651757,23.8923445662999,25.4237462027479,26.1123375667675,27.2570546748812,25.2668343159921,26.6093698683993,26.5433487673017,27.1101451563107,26.161345145874,26.0559846302166,26.4402935383559,25.9807612089794,27.6310211159295,25.280247543522,25.829211310853,27.6409714467827,27.6702418290828,7.93458
Indonesia,2020,Indonesia 2020,1.01593220233917,9.58762569816372,9.58762569816372,19.4207903224432, Rupiah ,8.24038511551633,25.6999995793739,22.6269780959664,25.4506536556676,25.9327519897933,27.3094374918025,25.3383863537976,26.5609962841153,26.5403769969126,27.1594162053174,25.835253625309,26.0703733676686,26.4000196392181,26.0751239704272,27.6508237432257,25.2773105257735,25.8231322647767,27.6605799181711,27.6892900240535,7.8277683
Ireland,2010,Ireland 2010,6.05033016204834,0.562494470265018,0.562494470265018,15.3250366392178, Euro ,10.6259022307766,21.4728834040709,NA,21.8553848671963,26.156987840505,25.713698423732,24.4460873181394,24.3688003592127,24.3860029393872,25.3772261871135,25.9807612089794,24.48945767445,24.6077328375672,25.2913816092536,26.0315335343526,23.9844943771246,23.9595074835298,25.949012510665,26.1259432188232,11.299463
Ireland,2017,Ireland 2017,3.49044990539551,0.63403683776909,0.63403683776909,15.3782456761557, Euro ,10.9341778247188,22.1001204989685,22.2802977152856,22.8571788308158,26.7320790223915,25.7204781107173,24.4478355505232,25.4768560280614,25.4417647082504,25.3960946714177,26.5314083269299,25.3960946714177,25.4417647082504,25.4327960382678,26.4598381344288,24.4898316811738,24.1615761289567,26.314252817461,26.5403769969126,11.8
Ireland,2018,Ireland 2018,3.37838006019592,0.613439611346241,0.613439611346241,15.3912899236774, Euro ,11.0328876613566,21.9582874920633,20.2339243409946,22.9759122871769,26.8844731586436,25.8231322647767,24.5593254991547,25.4237462027479,25.4237462027479,25.4939504614205,26.6204197045859,25.5595477439058,25.6060677595404,25.5830782413158,26.6149100487749,24.7106552421717,24.2481700294196,26.4237094103404,26.6791032064138,11.959568
Ireland,2020,Ireland 2020,3.25081992149353,0.628878701357768,0.628878701357768,15.4141139887991, Euro ,11.0793077654425,22.100910571418,22.397717500391,22.957741233982,27.0653872556693,25.8046702019371,24.7291283120875,25.949012510665,25.9217628682178,25.3867049310679,26.9115299600311,25.6999995793739,25.7339011310493,25.6211056369048,26.7197179255679,25.0159746410923,24.1622591776983,26.4947069600795,26.7777051832181,11.594797
Israel,2010,Israel 2010,5.43390989303589,1.55582086759698,1.55582086759698,15.8072740459295, New Israeli Sheqel ,10.3554544942957,22.0293223932792,18.4049474725847,23.1383359049597,25.121981903709,25.949012510665,24.6931969458692,24.5163658554906,24.5141459899798,25.6136149651757,25.0663795494815,24.2242164001619,24.3527595666872,25.4327960382678,26.065600088916,23.8337259104292,23.8637783699892,26.161345145874,26.1828513510948,10.416695
Israel,2017,Israel 2017,6.00771999359131,1.52595967882704,1.52595967882704,15.932880872833, New Israeli Sheqel ,10.6582706081295,22.1793823791809,21.8229927308779,23.7059973703198,25.3772261871135,26.332737632135,25.0998698005671,25.0413606353855,25.0005174719451,25.9911239960149,25.3068484944191,24.4191961338935,24.5585779610115,25.8707603137657,26.4947069600795,24.3975329301281,24.3893002751528,26.5897338938825,26.5953836264246,11.08
Israel,2018,Israel 2018,6.06284999847412,1.52400161297652,1.52400161297652,15.9504440423587, New Israeli Sheqel ,10.6954161538935,22.2162267843175,21.5021356817957,23.7950832332246,25.4417647082504,26.3896925250623,25.1661559067539,25.1281853917841,25.1012034941347,26.0413858307955,25.4146137191847,24.4825126780546,24.6124671821223,25.9162226878422,26.5463117324324,24.4800683701301,24.4054531874013,26.6448442565929,26.6475216343636,11.087428
Israel,2020,Israel 2020,6.47881984710693,1.49119608825035,1.49119608825035,15.9854198921747, New Israeli Sheqel ,10.7366792442406,22.2701125107904,22.6220803513558,23.8620939906454,25.4594642853497,26.4203593234552,25.29386233456,25.2235083615151,25.1464463175678,26.0315335343526,25.2791651266259,24.5540600751254,24.6858401073334,26.001380496182,26.6394678995565,24.7316470676055,24.3986048804345,26.7222023988956,26.7320790223915,10.586509
Italy,2010,Italy 2010,4.33411979675293,0.562494470265018,0.562494470265018,17.9068915832455, Euro ,10.4800447354867,24.3579477058792,23.0048721157135,25.4053970640799,27.0055325838443,28.1791425244388,26.8077652500239,26.8077652500239,26.7847227558768,27.8933853803968,27.0776358777455,26.4402935383559,26.6065882254375,27.5744507644412,28.2833463019688,25.9436216620301,26.3757550172186,28.3871430956504,28.3871430956504,10.928949
Italy,2017,Italy 2017,4.04493999481201,0.63403683776909,0.63403683776909,17.9099223345941, Euro ,10.4005590200695,24.3791068040096,22.9475289307569,25.0361430773664,27.1251830336753,28.0692760468603,26.6340624809896,26.592562750083,26.5668102539807,27.796535554407,27.0277146393702,26.4034384459669,26.5609962841153,27.4801982261951,28.1963349249792,25.829211310853,26.3508869506406,28.309054658679,28.3039655891715,11.16
Italy,2018,Italy 2018,4.25614023208618,0.613439611346241,0.613439611346241,17.9078101306198, Euro ,10.4723178985887,24.4294171048961,23.1867693696725,25.0942411751369,27.209426625892,28.1317964038416,26.7021516018501,26.6842711765723,26.652854980339,27.8621328368927,27.1301458230174,26.4726588228578,26.6367688425874,27.544373309204,28.2622928927709,25.87655743145,26.4169979757525,28.3824372046129,28.3681851819057,10.890854
Italy,2020,Italy 2020,4.44135999679565,0.628878701357768,0.628878701357768,17.9014966183675, Euro ,10.3821411625958,24.3635972180757,NA,25.0507267545091,27.0476247993295,28.0297972358866,26.6945276767394,26.5373963687745,26.5609962841153,27.7263312957338,26.9176712280531,26.3472833431374,26.5314083269299,27.4929078138001,28.1733454067545,25.7537037583454,26.2285973728828,28.2833463019688,28.2728750021015,10.451879
Jamaica,2017,Jamaica 2017,5.26016998291016,4.85953751542038,4.85953751542038,14.8481172943751, Jamaican Dollar ,8.53601494565683,20.7052030088615,17.8928918201827,20.6995387456653,22.3588311752558,23.3316037462113,21.4072993307389,21.9282594061146,21.9104220827419,23.1738062871266,22.7024142541106,20.855463989326,21.3661067526869,22.3303302965685,23.2658808136269,20.7051973322302,21.7817860930794,23.3840014991685,23.4184999462008,7.25
Jamaica,2018,Jamaica 2018,5.41380977630615,4.86654564713529,4.86654564713529,14.8493482087326, Jamaican Dollar ,8.5814816812986,20.7596040236477,15.3877206341461,20.7828442712289,22.5260310798519,23.3683864818148,21.4718000028206,22.022662851484,22.0213483337801,23.2057733747486,22.8136270708088,20.911464010885,21.4838873882544,22.3822090001003,23.3302704200383,20.7511023812246,21.8345944793122,23.4307020812824,23.4788859154312,7.1720037
Jamaica,2020,Jamaica 2020,5.61749505996704,4.96565768250318,4.96565768250318,14.8524023954475, Jamaican Dollar ,8.46294817656384,20.9050553513976,17.5446703079062,20.7847232384938,21.9285806039375,23.3397351120453,21.4367264594126,21.7128016008056,21.6971993538005,23.1782517692036,22.484661194168,20.8171795293887,21.2846701952929,22.307445339427,23.2302091564044,20.5201990052636,21.6632661704139,23.3151898683564,23.3488343836666,7.057986
Japan,2010,Japan 2010,3.59951996803284,4.48615999143013,4.48615999143013,18.6683641703395, Yen ,10.7397389100645,24.8794374801097,NA,26.3105144953504,27.4790347589318,29.1080698403171,27.7353811312537,27.8933853803968,27.8933853803968,28.8188645383249,27.385120577493,27.8133426727233,27.9385058156772,28.5710283744204,29.3819585906365,27.0914530232986,27.544373309204,29.4076669473467,29.3819585906365,12.002888
Japan,2017,Japan 2017,3.13057994842529,4.72885701413724,4.72885701413724,18.6570364135738, Yen ,10.605842213847,24.7421963901788,23.0486256043652,26.317977216552,27.4883048137281,28.9257482835232,27.5870692284004,27.8461324955463,27.8380352853137,28.6205623095427,27.4446915377383,27.6409714467827,27.7794411210477,28.4011293376251,29.2222950577352,26.9398719380333,27.3683568064534,29.2622205201444,29.2263601039833,12.29
Japan,2018,Japan 2018,3.07782006263733,4.71333537856001,4.71333537856001,18.6538210963271, Yen ,10.6317605350714,24.6862816172056,23.660030016565,26.3216877959485,27.5508950714503,28.9527769559111,27.6169221915501,27.8856633343029,27.8700380163998,28.646251795658,27.5498110605041,27.6702418290828,27.8049744230528,28.4285283118132,29.2424570310255,26.9654891024035,27.3683568064534,29.2854323940056,29.248427198012,12.294594
Japan,2020,Japan 2020,3.30628991127014,4.68004184495879,4.68004184495879,18.6457804766955, Yen ,10.6383043682675,24.6865972876203,21.6656740393795,26.4203593234552,27.3876748572981,28.9580961173887,27.6892900240535,27.8778811938609,27.8778811938609,28.6279697508205,27.402865022792,27.626008574106,27.7794411210477,28.4639302388641,29.2444510496324,26.8886836911799,27.3094374918025,29.2835185178233,29.248427198012,11.735149
Kazakhstan,2010,Kazakhstan 2010,3.58735489845276,4.99960805024705,4.99960805024705,16.6265888367044, Tenge ,8.95415696658377,22.6220420114428,21.1607794699583,23.1572693304436,24.9053516201586,25.1444169072184,23.4963163049402,24.3493350664642,24.3072295582775,24.9307098983334,24.5132884756081,23.5423153102951,24.6090754153099,24.4003431134459,25.6861104672133,23.5244489738613,23.7444772310781,25.5830782413158,25.7204781107173,8.998002
Kazakhstan,2017,Kazakhstan 2017,3.39102387428284,5.7899632984153,5.7899632984153,16.7232208531339, Tenge ,9.00035980718825,22.7427704805627,22.7728551034157,22.9350757113775,24.7130148959067,25.3772261871135,23.5897182852555,24.506488323442,24.3121247938134,25.1974135150193,24.4306409196793,23.6579710051202,24.5252087060747,24.6061488094685,25.7795116423011,23.556645011899,24.125137663686,25.7204781107173,25.8412596493692,11.47
Kazakhstan,2018,Kazakhstan 2018,3.15191626548767,5.8455882206643,5.8455882206643,16.7353386317285, Tenge ,9.0455836463617,22.7880417285258,22.7138156062554,22.9779748413017,24.9350534995127,25.4053970640799,23.4261855313445,24.5365303105828,24.360286452625,25.2605066903895,24.56172765189,23.7434999472845,24.6460222187853,24.6193838342344,25.8412596493692,23.620617076165,24.1926013113518,25.7795116423011,25.9106516427928,11.797472
Kazakhstan,2020,Kazakhstan 2020,4.44620370864868,6.02575324597418,6.02575324597418,16.7588565189513, Tenge ,9.01432548805023,22.9450240956533,22.6683781605379,23.0628309495177,24.6789147842633,25.4417647082504,23.8051478508461,24.6208562768664,24.4677960764939,25.2306061804887,24.5372925096376,23.8307540111923,24.5572791159818,24.6159437268527,25.810862172185,23.4787537845579,24.1640431926366,25.7731218442024,25.8649293934549,9.127437
Kenya,2017,Kenya 2017,4.26874256134033,4.64833423224282,4.64833423224282,17.7062718874022, Kenyan Shilling ,7.40549566319947,23.5646959654029,20.2609893403663,22.2066807930796,23.0697356397325,25.027813121972,23.037698361348,23.5536198252916,23.5157559694708,24.8808435670938,23.6719175095098,22.6930628778494,23.0209550564868,24.0407024825925,25.0712153402857,23.0752291238532,22.7676820164879,25.1112093023153,25.1304214271821,7.79
Kenya,2018,Kenya 2018,5.32192516326904,4.62792505895847,4.62792505895847,17.7265992270361, Kenyan Shilling ,7.50604217851812,23.6534430288402,19.3619199113012,22.4071487336393,23.1711691468975,25.1357857681661,23.1556380370813,23.6061225481497,23.5916714634249,24.9872290973524,23.7273309564546,22.771317207388,23.0819288296519,24.1355638118147,25.18162035453,23.2724976044781,22.8655636775743,25.2320603587172,25.2472582873988,8.413991
Kenya,2020,Kenya 2020,5.04574871063232,4.67703288411381,4.67703288411381,17.7664807968458, Kenyan Shilling ,7.55171221535131,23.848788322716,19.6211060262563,22.67586080246,22.9957819288926,25.2084508950405,23.2537483692022,23.7096697927675,23.6927644062881,25.055758124785,23.5974880754019,22.7595886907811,23.0721158894149,24.1892716678435,25.2726354457182,23.318592621231,22.9060429676032,25.3176892233842,25.3383863537976,8.469239
Latvia,2010,Latvia 2010,5.03881978988647,0.56235370726842,0.56235370726842,14.5581766846866, Euro ,9.35175312492651,20.6951613024647,19.5474077797712,20.7601093778248,23.2698036469191,23.6982421690036,22.2073977010427,22.307430815056,22.2420489408203,23.4431145163943,23.308260136612,21.7692804686351,22.0744775793779,22.8607180948131,23.7831878823633,21.8873099657488,22.0512168386909,23.9098049317323,23.8998186824634,10.714331
Latvia,2017,Latvia 2017,4.36671018600464,0.63403683776909,0.63403683776909,14.4858306722198, Euro ,9.65220169527564,20.8029125914716,19.7951734284356,21.1664706858274,23.6557816603218,23.9011495794552,22.4416605381095,22.6223750653249,22.5613735092777,23.6367217286706,23.6659590858964,21.8838225640897,22.1698183614509,23.1734940851993,24.0053627475276,22.0443359045072,22.2058013573293,24.137949497323,24.1404614293591,11.27
Latvia,2018,Latvia 2018,4.24356985092163,0.613439611346241,0.613439611346241,14.4759439294788, Euro ,9.77029895829238,20.9362071394548,19.6344245085901,21.3649450094362,23.7753649022097,24.0080122333415,22.5577227543715,22.7971400453716,22.7539081821785,23.7407830411462,23.7861186135457,22.013798712839,22.2328063377578,23.291739605982,24.1206846312973,22.1814898411151,22.3086175537272,24.2461959357862,24.262165750142,11.557375
Latvia,2020,Latvia 2020,4.85059022903442,0.628878701357768,0.628878701357768,14.4558121873777, Euro ,9.81115294133333,21.1290441666622,NA,21.3734767488579,23.7546651711825,24.0068070763759,22.6752621756612,22.7510028668057,22.8034495056818,23.7001881812864,23.7383791282945,22.0591134812834,22.298965655931,23.3067792604336,24.1309676173353,22.0680134902235,22.3052143065391,24.2669313910261,24.2671698161267,10.978801
Lebanon,2017,Lebanon 2017,2.13748621940613,7.31887105859912,7.31887105859912,15.6253150650811, Lebanese Pound ,9.06496771896043,21.1159943005991,19.1571964993427,21.4864603747611,23.1766254123934,24.7218276143007,22.6697867700066,23.1702660919729,23.1520228734429,24.5843198193001,23.928974648953,22.2037053064839,22.4759830119436,24.066188724783,24.6229981110315,21.7861838686922,22.8975965282189,24.690126419777,24.6940798912725,6.83
Lebanon,2018,Lebanon 2018,2.52722072601318,7.31887105859912,7.31887105859912,15.5990429440279, Lebanese Pound ,9.10941445338622,21.2967060299284,19.7747537970308,21.3897631899573,23.1564007805578,24.7705355909345,22.8538952955305,23.2365786332569,23.2047035164752,24.6114222129621,23.9844250354624,22.1311860899011,22.4517448635464,24.1517006221448,24.6672325262326,21.7209981554527,22.8898760114797,24.7083340379556,24.728806856427,6.579643
Lebanon,2020,Lebanon 2020,1.66996812820435,7.80460668555795,7.31887105859912,15.5494509245574, Lebanese Pound ,8.79254961417738,21.9734795766316,NA,20.8322882941046,23.1186177110467,24.5841753741331,22.5346269977615,22.0392261367827,22.3054372087727,24.4462996368692,23.8657680484114,22.288461241987,22.4763573783539,23.8541293762576,24.4636494981667,21.4477673771578,22.6369485824533,24.341822248538,24.3880365018413,6.3352394
Lithuania,2010,Lithuania 2010,5.29786014556885,0.562381279293847,0.562381279293847,14.9594212072597, Euro ,9.37203396097417,20.8392607789157,19.9256149380174,21.3915263129939,23.8907308979594,24.1620998790305,22.7207007467989,22.6300799911165,22.5608305452811,23.8921313287958,23.9215702994093,22.5616620287488,22.7746588166788,23.1194701870313,24.2319826523048,22.3828712035077,22.5660611200001,24.331395859927,24.3379190547522,10.953849
Lithuania,2017,Lithuania 2017,3.81220006942749,0.63403683776909,0.63403683776909,14.8817549458989, Euro ,9.67092477930543,21.2391645000609,NA,21.7775873889723,24.2828369870881,24.3473806105107,22.7753424694517,22.9381841036454,22.9887187801874,24.1146644012563,24.2508480868052,22.815755543979,22.9743196217562,23.3423856708654,24.482310067808,22.628254464505,22.8540557836577,24.5526016631981,24.5894278595546,11.17
Lithuania,2018,Lithuania 2018,3.89289999008179,0.613439611346241,0.613439611346241,14.871955850781, Euro ,9.80421955087746,21.1601181569366,NA,21.9467508272769,24.4226886783475,24.4569619819302,22.8980264866862,23.1158584026661,23.1471541969722,24.2207839988872,24.3982447500695,22.9106234391708,23.0623389155736,23.4896759716523,24.6013908927751,22.7654279497208,22.9646504438398,24.6761331690998,24.7076357624001,11.367647
Lithuania,2020,Lithuania 2020,4.50859022140503,0.628878701357768,0.628878701357768,14.8523424738597, Euro ,9.88216176582138,21.4170788143145,NA,22.0370798342162,24.4523337635239,24.4991000098366,23.0773942176421,22.7932078473652,23.2227810518084,24.2229484653369,24.3165125921998,22.9047086025891,23.0645809847599,23.5926801218087,24.6548945152765,22.7786589160923,22.9678818973673,24.7344361205104,24.7636226517725,10.975232
Luxembourg,2010,Luxembourg 2010,5.02103185653687,0.562494470265018,0.562494470265018,13.1364063122164, Euro ,11.2288103566645,18.8310540935783,20.7237544945338,21.7008201243577,25.2382546337686,24.0616826804508,22.9053968706869,23.0412690073661,22.937553640993,23.6838531285511,25.0211933923446,21.7489511442269,21.981279270168,24.2167700984737,24.6480195834903,22.4528357653545,22.4766702437042,24.3652058500146,24.7514562226112,10.184711
Luxembourg,2017,Luxembourg 2017,3.48645997047424,0.63403683776909,0.63403683776909,13.2984723426197, Euro ,11.2756195998435,18.8533896012289,20.7572865921837,21.8770517832951,25.5674529234129,24.2035179573861,23.0895855977933,23.2419976817617,23.1549685247625,23.8056257601303,25.3867049310679,21.866964206702,22.0941400940109,24.4055615076186,24.8157099488062,22.5349258141377,22.6350075149131,24.5740751914796,24.9085501386175,9.91
Luxembourg,2018,Luxembourg 2018,3.66211009025574,0.613439611346241,0.613439611346241,13.3177887035753, Euro ,11.3324222539831,18.9311394204014,20.2576985684838,21.9537166637524,25.6649082595629,24.3003061779536,23.202377712246,23.2166192130707,23.1633504125347,23.894498983014,25.4854397717527,21.9825072980457,22.198836391526,24.477434005303,24.8902050590831,22.6440662375437,22.6734041865501,24.6502027524597,24.9859507810312,9.929836
Luxembourg,2020,Luxembourg 2020,3.85349988937378,0.628878701357768,0.628878701357768,13.3541098175258, Euro ,11.3029942451282,18.8728143130405,19.9122920497809,22.0523036349981,25.7204781107173,24.3098732493475,23.3332251834424,23.2654440470434,23.2298438717167,23.8373524905529,25.535450192327,22.036888546103,22.2511002925047,24.5260597517764,24.9364487780506,22.735766757288,22.628392236137,24.6570843785081,25.0272308073817,9.795577
Madagascar,2010,Madagascar 2010,2.58523440361023,7.64537378713891,7.64537378713891,16.8942528554281, Malagasy Ariary ,6.11809719804135,21.7889355698173,18.551289734266,20.3158410719644,21.5042664946218,22.8859928068401,20.9927889265381,21.7158011681884,21.6726485735949,22.7227812054227,22.0024835977215,20.6116122357423,20.847496742561,21.5948342621287,22.9816277532646,20.6535882475222,21.1574032282406,23.0091100545825,23.0241205676267,5.1180897
Madagascar,2017,Madagascar 2017,2.70137405395508,8.04466156948793,8.04466156948793,17.0801068116103, Malagasy Ariary ,6.19644412779452,21.8972339101883,NA,20.583350051388,22.1273577660837,23.1708004228955,21.4767364108992,21.456929904206,21.5946041349348,22.9677399055582,22.235757499403,20.9144318517904,21.3002363666727,21.9764949864768,23.2578581483184,20.8802752053984,21.4434342713401,23.2740092858381,23.3016866300091,4.19
Madagascar,2018,Madagascar 2018,3.04906916618347,8.11245349663219,8.11245349663219,17.1056475810534, Malagasy Ariary ,6.21260609575152,21.916808088297,NA,20.644095672413,22.1909944030045,23.1898219392998,21.3501766991264,21.7701413241203,21.7859100511853,23.0168083945703,22.3318326244614,20.9773338207114,21.4323069378093,22.0672510326304,23.2852282262414,20.7785852211965,21.3195637966857,23.3154046988002,23.345034088344,4.713441
Madagascar,2020,Madagascar 2020,3.25443387031555,8.23979249943709,8.23979249943709,17.155724974446, Malagasy Ariary ,6.10924758276437,21.9110654803354,NA,20.624765871581,21.6898051212152,23.2427186553916,21.5954240104259,21.5910853694165,21.6635055469346,23.0288195234035,22.0497498404593,20.9616925026327,21.2145552100388,22.0547644554193,23.2328888030276,20.8390346792544,21.1745751226351,23.2630633825864,23.2925197724042,4.713441
Malaysia,2010,Malaysia 2010,4.96645021438599,1.44009265768053,1.44009265768053,17.1730253296667, Malaysian Ringgit ,9.0594011964109,23.9709648927355,21.6093359967777,22.8933298479231,26.1259432188232,25.7666909538721,24.191629565174,24.8115890807612,24.7700684394552,25.535450192327,25.9217628682178,24.8136067726408,25.2720834143204,24.8268779199302,26.2566553256779,23.7805412995753,24.4561069688288,26.2326541735784,26.2645293821088,8.286579
Malaysia,2017,Malaysia 2017,4.18488502502441,1.66779000162674,1.66779000162674,17.2804901435782, Malaysian Ringgit ,9.17988116449147,24.0351906083387,21.1587393400653,23.4625271086527,26.130437608411,26.0985442446352,24.3844572552271,25.1241620484539,25.1050199821859,25.8994155695259,26.0265707450105,24.9676554798744,25.3867049310679,25.0517555342392,26.4758384757752,24.0753102194175,24.8369194885511,26.4598381344288,26.4884569397344,9.11
Malaysia,2018,Malaysia 2018,4.13194847106934,1.61643937231119,1.61643937231119,17.2936465113743, Malaysian Ringgit ,9.28079883562474,24.0173433194391,NA,23.5774024374834,26.2285973728828,26.2407187334151,24.483188004668,25.1745995825489,25.1872027519285,26.0511420057408,26.1259432188232,25.0701904918138,25.5107575797368,25.1762370783939,26.592562750083,24.2190725294374,24.9897046298119,26.5754683167238,26.6065882254375,9.335915
Malaysia,2020,Malaysia 2020,4.51888704299927,1.64932800707852,1.64932800707852,17.3180602531638, Malaysian Ringgit ,9.20502627715241,24.0416666867756,NA,23.3397808389702,26.0559846302166,26.2407187334151,24.5025220457377,24.9205051694132,24.9795954345902,26.0462758160897,25.9436216620301,25.0418535569605,25.3960946714177,25.1634680418507,26.5314083269299,24.201667891021,24.9334883260719,26.52235849141,26.5433487673017,8.889285
Mali,2017,Mali 2017,3.78976988792419,6.36588049642479,6.36588049642479,16.7762038746217, CFA Franc BCEAO ,6.64768837356333,22.4581861815328,20.0560115980497,20.3581269748955,21.950961203223,23.3725775210677,21.6342728268085,21.9224281277834,21.7543917109943,23.1792133621536,22.4296992747373,21.4876324659966,21.5497082281796,21.8380041364187,23.3743541022468,20.4585636435517,21.2571210440163,23.4222629683962,23.4554044395223,2.74
Mali,2018,Mali 2018,3.55817008018494,6.32157095476624,6.32157095476624,16.8079523738954, CFA Franc BCEAO ,6.72383244082121,22.5689742506082,19.5210165997582,20.4083075724351,22.1550549530966,23.4623837296933,21.7203543786558,21.9738578068145,21.8838797540593,23.2698123393042,22.5284439006257,21.7029268304336,21.7570279395589,21.9240258247,23.486108490675,20.5330686010483,21.3228470914067,23.5302935987831,23.5606391972415,2.860348
Mali,2020,Mali 2020,3.95445990562439,6.35712451245048,6.35712451245048,16.8706451065732, CFA Franc BCEAO ,6.67076632084587,22.5527570994172,NA,20.4211265203482,22.4011659724718,23.4693274901481,21.7386702070252,21.7796005837573,21.9672013115112,23.2743243544002,22.5710694257246,21.7832697573398,21.8369809650779,21.9901816258431,23.5092244688497,20.5984641493262,21.2926579581372,23.5402671821378,23.5834872045028,2.5783932
Malta,2010,Malta 2010,6.25004005432129,0.562494470265018,0.562494470265018,12.945043690377, Euro ,9.92564035717726,18.5538739243896,18.7076408133226,19.7516031542625,23.3352414368954,22.6707423732907,21.2660694878604,21.4218351178169,21.3532796702494,22.3891121744825,23.3348720134785,20.737489514134,20.821263908404,22.1480662080436,22.7839795563452,20.5990041305763,20.9186138967366,22.8706468417567,22.9234872758704,9.726167
Malta,2017,Malta 2017,4.56079006195068,0.63403683776909,0.63403683776909,13.0804950022855, Euro ,10.1389943628337,18.3144601140579,18.1451192660889,19.9386133305362,23.7828488336748,22.8149814089588,21.3968425036798,21.7456877858118,21.7179997943119,22.5376927529147,23.6524752103178,20.6493080492068,20.7442753679941,22.6611166376679,23.1999328085461,21.1742891823289,21.3223046521836,23.2194511968647,23.3248105955084,10.08
Malta,2018,Malta 2018,4.92361116409302,0.613439611346241,0.613439611346241,13.1053942120607, Euro ,10.2695185913989,18.4197678573982,17.3863587831244,20.1143635648952,23.9383167232949,22.9723000457452,21.5864790221275,21.834194898129,21.8224220040192,22.6844601443245,23.8200089749812,20.762550623047,20.8599540506888,22.7927704314198,23.321314464955,21.2721946696904,21.4138438996474,23.3748798477189,23.4507618603249,10.193724
Malta,2020,Malta 2020,5.6448712348938,0.628878701357768,0.628878701357768,13.152619024172, Euro ,10.1786541319175,18.5695069251906,19.1827754196364,20.3558382933086,24.0142993460956,22.9991512971117,21.869381984753,21.9165751010839,21.849396354097,22.6089080690675,23.9368985133029,20.7946623525649,20.8905234619708,22.8696939929245,23.3282173571056,21.2157794339111,21.0228341856438,23.3312194055943,23.4337044886948,10.193024
Mauritius,2010,Mauritius 2010,3.55147004127502,3.45897560338151,3.45897560338151,14.0649695994124, Mauritius Rupee ,8.97322466309509,19.713509938933,19.5020015122546,20.2167814662901,22.3575228041231,22.8870618969155,21.0470551260804,21.7207690154673,21.6056465042811,22.7141166241218,22.5517146063049,21.071760721741,21.2212451980776,22.0348918453903,22.9093838361776,20.7001515133525,21.1925984473594,23.0380968178467,23.0262179316871,9.054855
Mauritius,2017,Mauritius 2017,4.87887001037598,3.56900885028382,3.56900885028382,14.0738220054681, Mauritius Rupee ,9.27855961095333,19.8333284744277,18.5827962430831,20.0979593032508,22.610905261959,23.1961889959984,21.4072237254947,21.6082309564248,21.5584767751926,23.0133076613308,22.7085614000142,21.2079221302858,21.3655311474196,22.437941101714,23.2064124436836,20.9753121384539,21.5521714678958,23.3522889015747,23.3416470235031,9.46
Mauritius,2018,Mauritius 2018,4.67447996139526,3.5534734483568,3.5534734483568,14.0743161903125, Mauritius Rupee ,9.35296777022594,19.7499195697637,18.6173546282499,20.2521355700828,22.639098992062,23.2745259136836,21.4868120250538,21.7460901301912,21.7013300652983,23.0913932731425,22.7594359730747,21.2353778575491,21.4008457753106,22.5138235226552,23.2750475323994,21.0473847494875,21.6327807160918,23.4271587237805,23.4135372084517,9.447635
Mauritius,2020,Mauritius 2020,4.35243988037109,3.69751539009286,3.69751539009286,14.0762034264273, Mauritius Rupee ,9.09974395063416,19.6972315479064,18.6290014253317,19.8860008003794,22.2249106090669,23.053148422493,21.4115741852176,21.4546603864407,21.3935617159619,22.8378801399142,22.3914580772164,20.9334762806044,21.1055181022979,22.3602557455467,23.0268673182428,20.7949592711624,21.1545725798676,23.175874675018,23.1567453314581,9.405725
Mexico,2010,Mexico 2010,4.93695020675659,2.61271396515843,2.61271396515843,18.5387517559174, Mexican Peso ,9.13658618338752,24.251161514935,23.2729890518704,25.1194896089179,26.4726588228578,27.4276801919117,25.5515795742567,26.2080627704412,26.1526114659052,27.2614056607155,26.5193235877148,25.835253625309,26.2877862442729,26.5953836264246,27.6409714467827,25.2405015124246,25.9807612089794,27.6798112800989,27.6892900240535,8.503864
Mexico,2017,Mexico 2017,4.39752006530762,2.99205134072543,2.99205134072543,18.6263872212816, Mexican Peso ,9.12587121534973,24.3915259526784,22.9660664471271,25.178571123181,26.8009080802977,27.5144872996737,25.6285406153922,26.3029956629364,26.2684432814299,27.3513072131273,26.8479492278428,26.0315335343526,26.4630587491289,26.5132260078467,27.7171988121705,25.2077312973821,26.2163272802911,27.7532387486537,27.7794411210477,8.64
Mexico,2018,Mexico 2018,4.13945007324219,3.00787533080277,3.00787533080277,18.6359039076438, Mexican Peso ,9.16858043772795,24.4456710662701,22.8640284323483,25.2420981128097,26.8970519408504,27.5616710377948,25.6720257273317,26.3508869506406,26.317977216552,27.3978272287621,26.9478242662238,26.0892418519729,26.52235849141,26.5522114545596,27.7707830583046,25.2770576137458,26.2723419218455,27.8049744230528,27.8298719746745,8.812746
Mexico,2020,Mexico 2020,4.50059986114502,3.1128754747822,3.1128754747822,18.6517789965711, Mexican Peso ,9.03836510723637,24.4463315039687,NA,24.9666487726697,26.7893739270525,27.4374363668571,25.6359207226898,26.0462758160897,26.0511420057408,27.2570546748812,26.734533011353,25.9650128520113,26.4102411932896,26.4978173824939,27.6508237432257,25.0524094432092,26.1077608997401,27.6892900240535,27.7171988121705,8.824254
Mongolia,2017,Mongolia 2017,4.31822395324707,7.80007180731833,7.80007180731833,14.9456315265615, Tugrik ,8.06777619577889,20.9690697135436,20.178538902884,19.7321873326759,22.6391344027873,22.8100285781227,21.1927392725393,21.8695471161067,21.6657973065441,22.5888382811422,22.597717345882,20.4900419190248,22.0905747707363,21.7629529875654,23.0688871734411,20.4324169648067,20.9772854196622,23.0129809322712,23.1639460554261,9.45
Mongolia,2018,Mongolia 2018,3.99742722511292,7.81338298269872,7.81338298269872,14.9673450794215, Tugrik ,8.23642052726539,21.1327184915465,21.2242729955506,19.8036557646522,22.7599316673385,22.95436680679,21.2377010760056,22.3698570551884,21.9870755528324,22.7563252977517,22.9189655365807,20.6501354520293,22.2505812048784,21.8224840340149,23.1875481694635,20.5649423472117,21.0519852097785,23.2034645047255,23.3018217972252,9.193137
Mongolia,2020,Mongolia 2020,4.66345500946045,7.94246522988289,7.94246522988289,15.0077151881607, Tugrik ,8.20521842639541,21.2691392970128,NA,20.0019122126158,22.7614050151014,23.0412699501176,21.4674933049595,21.8151637012342,21.8676361202579,22.8090087702154,22.717404979411,20.755323228704,22.2153430697942,21.916600372317,23.2122490060939,20.4442608798723,21.0128638128824,23.2125808787299,23.3120054433678,9.153257
Mozambique,2017,Mozambique 2017,5.48664999008179,4.16797170192538,4.16797170192538,17.1678482430397, Metical ,6.11368217983223,21.9203784001364,21.0363875921305,19.103080451776,22.3524662631271,23.1925912948834,21.9045081028025,22.2018938699628,21.828269256757,22.8699050903944,22.8129192552238,20.8040171765579,21.814096392313,21.7240426056545,23.1996371239416,20.8484009459781,21.1674158121039,23.2802488539029,23.3049270394449,4.39
Mozambique,2018,Mozambique 2018,5.38976001739502,4.11620728240887,4.11620728240887,17.1973171135285, Metical ,6.21060007702465,22.0172172124591,20.0711214499216,19.1527560083153,22.6195552282349,23.2864678330455,21.8994149022177,22.7287647460532,22.6560722573547,22.9990384894467,23.2265717592822,20.9809631805678,21.9915027790202,21.8075426228807,23.3146335039932,21.0009740736488,21.2306403914172,23.4065059974022,23.4209559298435,4.318279
Mozambique,2020,Mozambique 2020,6.64256286621094,4.25511613264347,4.25511613264347,17.2552309735607, Metical ,6.10031895202006,22.0261888939655,21.9157120423391,18.9303015762485,22.1466333125488,23.2180492682657,21.7839417882308,22.6964097548531,22.0837612630769,22.9458100303736,22.9539870039537,20.8286101973737,21.7765112779052,21.8026048563037,23.2562772454322,20.9366255631526,21.2523392056877,23.3522588233229,23.3734654965318,4.471788
Namibia,2010,Namibia 2010,8.24330043792725,2.11880911436123,2.11880911436123,14.5571011759242, Namibian Dollar ,8.55043452519604,20.6904947498479,NA,19.6947729218235,22.4327509439752,23.0135385487014,21.7821159047524,21.724537913388,21.7714830764558,22.6684010137883,22.6465402308433,21.0652424708247,21.7463823880366,22.2082248562209,23.0829998952191,20.2191384299553,21.1031818795631,23.1073710079494,23.1464884438723,5.4058714
Namibia,2017,Namibia 2017,9.70867252349854,2.66116122852219,2.66116122852219,14.6760919432403, Namibian Dollar ,8.58541243039338,20.7124725130244,NA,19.519444897755,22.1894986253028,23.240899725341,21.9170987717139,21.5516680000835,21.5608828555464,22.9314874390747,22.5371624465693,21.1774310905693,21.841886769923,22.3961766646493,23.2001721125827,20.1960597750096,21.2158457250313,23.2612378190974,23.279523784757,5.82
Namibia,2018,Namibia 2018,8.88112258911133,2.65562937093416,2.65562937093416,14.6933435815229, Namibian Dollar ,8.60849534982302,20.7842292060874,NA,19.4593774554142,22.3144297266688,23.2883928280917,21.967647943927,21.4366359456794,21.559636575484,22.9778700260516,22.559145380366,21.243682682143,21.9452138215686,22.4603021148306,23.2612099252762,20.2410677955635,21.2035390981672,23.3017196629821,23.3393483566673,6.134818
Namibia,2020,Namibia 2020,9.27799892425537,2.86009962741318,2.86009962741318,14.7274313555688, Namibian Dollar ,8.34924780056679,20.6931023280066,NA,19.0969199468725,21.9862708462187,23.0401426554656,21.7737620892699,21.0550138971979,21.0734635686639,22.709065955922,22.2297277230116,20.8780634274818,21.6529097600054,22.2419579681022,23.0173452223524,19.9470667822094,20.8958418472924,23.0764997357649,23.0805909011374,6.106065
Nepal,2017,Nepal 2017,3.52892374992371,4.65882360249509,4.65882360249509,17.1542446681125, Nepalese Rupee ,6.96224346426621,22.6660083190953,21.4100381768182,21.283320189841,21.5562374861876,23.9666356549936,21.6427970914511,23.1202171138663,22.9207492781078,23.8636089923526,23.1068710808069,21.0807002412221,21.4344323561783,22.8598870103314,23.9825590876216,21.6056123832706,22.2000421847459,24.1157447904899,24.1057225094657,6.89
Nepal,2018,Nepal 2018,3.66440558433533,4.69967020497348,4.69967020497348,17.1656501613624, Nepalese Rupee ,7.02197642307216,22.6815580933318,21.5376118522286,21.4159610553869,21.6315448073989,24.0205177002216,21.6625219657543,23.2529278972213,23.0545905459639,23.9211285911393,23.2799675022018,21.1659734901023,21.5070377732894,22.9139721661411,24.0427703582929,21.6242539685897,22.3260942617607,24.1871104138163,24.1805880078018,7.1095786
Nepal,2020,Nepal 2020,4.21106672286987,4.78202002771541,4.78202002771541,17.1947563569788, Nepalese Rupee ,7.0335064842877,22.7095161587274,NA,21.3134355595541,21.5280213363312,24.1565970035761,21.8150432962925,23.0260878914629,23.0270381213498,24.0554740639361,23.1400165319885,21.1087949239418,21.4907471692581,23.1002309645318,24.0895454249408,21.49982013934,22.2872108979556,24.2272767554178,24.2154912964077,7.226661
Netherlands,2010,Netherlands 2010,5.48908996582031,0.562494470265018,0.562494470265018,16.6259439268196, Euro ,10.8296097963236,23.4350462202604,22.3270657677892,24.4116220701542,27.1050818543542,27.1317946280076,26.1259432188232,25.8649293934549,25.835253625309,26.6765091712368,26.980933424831,25.2077118186465,25.5674529234129,26.7147303840569,27.3578991948094,24.9879919702864,25.4053970640799,27.4554765434148,27.4649665315996,11.739408
Netherlands,2017,Netherlands 2017,5.17509984970093,0.63403683776909,0.63403683776909,16.6608384007292, Euro ,10.776975162085,23.4623781159538,21.9865537279041,24.2453981665074,27.2671776825126,27.072404828328,26.0364718159931,25.8707603137657,25.8472298163556,26.6367688425874,27.1301458230174,25.2468221920872,25.4594642853497,26.6970754488182,27.3393310220806,25.0188036317026,25.4939504614205,27.4374363668571,27.4494992393064,11.71
Netherlands,2018,Netherlands 2018,5.35764980316162,0.613439611346241,0.613439611346241,16.6654099708538, Euro ,10.871972173141,23.4371572660109,22.2594997371165,24.3721818749395,27.3748377105374,27.1626162080481,26.130437608411,25.9807612089794,25.9543744538063,26.7222023988956,27.2424131248883,25.3383863537976,25.5435474025595,26.7893739270525,27.4301281735504,25.1025309359758,25.5908002874097,27.5378087342075,27.5410964084017,11.760834
Netherlands,2020,Netherlands 2020,5.42381000518799,0.628878701357768,0.628878701357768,16.6739648864657, Euro ,10.8293126871932,23.4007298012589,18.4810628799009,24.5001268960453,27.2913437483598,27.1529853149872,26.1913259780858,26.011532867646,26.011532867646,26.6713008261297,27.1529853149872,25.3133063814634,25.5023893300663,26.7777051832181,27.4215338910631,25.0920175451359,25.5752961008738,27.5031877444198,27.5367104364584,11.539022
New Zealand,2010,New Zealand 2010,6.59741258621216,0.870386606844463,0.870386606844463,15.2848444395176, New Zealand Dollar ,10.3746155494436,22.99047785773,20.2470216961504,22.7441312342075,24.5155177672616,25.4594642853497,24.0859249952341,24.1096789640417,24.0884429776813,25.1627086921704,24.4366588591354,23.4888343047004,23.8794658251973,24.9380608804561,25.6285406153922,23.0774332463271,23.5048951128274,25.6577397700843,25.713698423732,11.5202
New Zealand,2017,New Zealand 2017,5.28000020980835,0.878550788368157,0.878550788368157,15.3728660226059, New Zealand Dollar ,10.643017239277,23.2261926840437,21.1423217147293,23.3269017845435,24.7655030968295,25.7731218442024,24.3345272714721,24.6144622970003,24.5829195198658,25.5023893300663,24.730554344199,23.7707418952444,24.08239801826,25.2985362285883,25.9650128520113,23.3565861625223,23.885119422886,26.0165706616759,26.0559846302166,11.25
New Zealand,2018,New Zealand 2018,5.19308996200562,0.894150775014169,0.894150775014169,15.3921208935294, New Zealand Dollar ,10.650767741676,23.2083396863391,20.7299836557883,23.3669770000885,24.8020662103429,25.8046702019371,24.3771278966585,24.6519501860603,24.6319493818781,25.535450192327,24.8036695531324,23.7715890617095,24.0906453696021,25.3383863537976,25.9911239960149,23.3807541489611,23.8991493046353,26.0413858307955,26.0798521116231,11.333543
New Zealand,2020,New Zealand 2020,5.65149021148682,0.932974120182961,0.932974120182961,15.4371011268265, New Zealand Dollar ,10.6241769402691,23.2236825372122,NA,23.3788260263366,24.5606560425567,25.835253625309,24.5003772342164,24.5801550170221,24.5874739545945,25.5272868816879,24.5782482295158,23.7772531963119,24.0920332571299,25.3383863537976,25.9911239960149,23.3695877785398,23.8960973341194,26.0608039166525,26.0798521116231,11.390235
Nicaragua,2017,Nicaragua 2017,4.35767984390259,3.43562912482815,3.43562912482815,15.6843133180323, Cordoba Oro ,7.60986220091355,21.4495522102603,19.8904363444407,20.4760001164331,22.4635470841625,23.1700219214619,21.4096948420169,22.1401158814121,22.028700397726,22.9812935642665,22.7498310378027,21.354933546035,21.6941803971774,22.1352105606482,23.2425703783408,20.377055893376,21.4746740840902,23.2936606920438,23.3469116490019,7.26
Nicaragua,2018,Nicaragua 2018,3.57310891151428,3.48287605287883,3.48287605287883,15.6983643631049, Cordoba Oro ,7.54115245513631,21.4142867666362,19.2094477518254,20.3489475985591,22.4292299606097,23.1318120463316,21.3797869011937,21.8661411826425,21.7933770382487,22.9413505918703,22.6305879085665,21.312961253467,21.6663872126315,22.1284245431565,23.199458678626,20.3091578157369,21.36894965587,23.239033057004,23.2901534560723,6.747723
Nicaragua,2020,Nicaragua 2020,4.58156108856201,3.56507551375876,3.56507551375876,15.7259261630672, Cordoba Oro ,7.46278915741245,21.3954591541622,18.0883527640242,20.104395344164,22.3928145578999,23.1024186505881,21.3576387036264,21.6088431356212,21.5788117508559,22.9104304123891,22.5054713772253,21.2562444478653,21.7205094995308,22.0631751186604,23.1524761477184,20.1235482162058,21.2967121808572,23.1880466041869,23.2559270539854,6.747723
Niger,2017,Niger 2017,2.57818007469177,6.36588049642479,6.36588049642479,16.8945688969148, CFA Franc BCEAO ,6.22851100359118,22.1110975287677,17.0195465755477,19.7898393861624,21.1200190235626,22.9980720062529,21.2710591390339,21.7913633299869,21.782862311468,22.8022824330997,21.8009114469534,20.5565792004932,21.3981155104682,21.4703634209011,23.0834353314848,20.0930566173106,21.1846738261746,23.1214782168247,23.1378489054243,2.61
Niger,2018,Niger 2018,3.44956994056702,6.32157095476624,6.32157095476624,16.9324448601957, CFA Franc BCEAO ,6.33150184989369,22.2968599401915,17.9608696340516,20.0086877706767,21.1775361287938,23.1133008603098,21.3900934828332,22.0284293642857,22.0111620256166,22.9166863620418,21.9377420997163,20.6695457402548,21.4358497818044,21.5771534488635,23.211770224109,20.2175434279347,21.2764687962944,23.2616618920749,23.2733875473269,2.69209
Niger,2020,Niger 2020,3.81920099258423,6.35712451245048,6.35712451245048,17.0073703131049, CFA Franc BCEAO ,6.3297209055227,22.3861668513022,16.9253370719275,20.2031335451819,21.0694467535848,23.204620710137,21.4963573468024,22.08828928777,22.0825480647539,23.0047295108385,21.9881699240165,20.7388717005285,21.5059375083533,21.6340541848329,23.2895364135211,20.2799307774354,21.3290412956003,23.3345946298297,23.343880904596,2.682462
Nigeria,2017,Nigeria 2017,0.396354019641876,5.72616383038151,5.72616383038151,19.0807669229237, Naira ,7.48605261786314,25.0841990863256,21.7708889176196,23.3624909781948,24.6250677569341,26.4853172197297,23.5293653409671,24.7861907728973,24.7359169240041,26.4303761016986,24.6254074310808,24.2151473881502,24.9695551690645,25.242331804959,26.6421596912222,24.5111888185371,25.0242076372995,26.5668102539807,26.652854980339,4.25
Nigeria,2018,Nigeria 2018,0.419998496770859,5.72712031043857,5.72712031043857,19.1057333718371, Naira ,7.57095858316901,25.216657433432,21.9335571035809,23.7040853434282,24.9031175588459,26.5725906168962,23.8860176700791,25.1488556456328,25.1078843196036,26.5009181601722,25.0253043277081,24.4293248528173,25.209910323274,25.2667098929788,26.7563520587476,24.6355557656274,25.0453821894291,26.6765091712368,26.7682711509848,5.0383425
Nigeria,2020,Nigeria 2020,0.359637647867203,5.88557833023793,5.88557833023793,19.1546214674278, Naira ,7.56371966841437,25.3676567360974,21.8978449371744,24.2026288254764,24.3597471374616,26.5433487673017,24.3458520665575,25.5595477439058,25.535450192327,26.4237094103404,24.989254890562,24.7206665233676,25.2105592095086,25.1378887960261,26.7753550058732,24.7159910527315,24.8593969784872,26.7172272642555,26.7870510456363,5.0383425
Norway,2010,Norway 2010,6.71042013168335,1.95219985120016,1.95219985120016,15.402650099323, Norwegian Krone ,11.392304656643,22.6291710534288,23.7215070245418,23.7379082138803,25.8590642740026,26.3253846578298,25.2395790422948,25.4146137191847,25.212166456065,25.9162226878422,25.5272868816879,24.1519759137572,25.5830782413158,25.7602184393665,26.6686864455556,24.3363270683654,24.2721555549597,26.7940035649512,26.7847227558768,11.301275
Norway,2017,Norway 2017,7.84598016738892,2.2269631548951,2.2269631548951,15.4789427837478, Norwegian Krone ,11.2678557833223,22.7868457965817,23.2876508603553,23.8777981650292,25.6999995793739,26.3363939433381,25.2838415579099,25.4327960382678,25.3071850129724,25.9050493872441,25.5984631601552,23.9618945077541,25.2797134164325,25.8046702019371,26.5897338938825,24.1898312867956,24.2277861975075,26.7467134299099,26.7097178422334,11.24
Norway,2018,Norway 2018,7.59563016891479,2.2118394796873,2.2118394796873,15.4855393975295, Norwegian Krone ,11.3545508769897,22.820213863102,23.6142795310907,23.9453262567251,25.835253625309,26.3896925250623,25.3482386502405,25.535450192327,25.3772261871135,25.9597077997817,25.6720257273317,23.9891777670742,25.4594642853497,25.87655743145,26.6868451805674,24.2208329306679,24.3091899143744,26.8391579624317,26.8031990320443,11.209513
Norway,2020,Norway 2020,8.3728199005127,2.34332708428213,2.34332708428213,15.4981691919188, Norwegian Krone ,11.1565647573684,22.6010641481274,23.1003800896894,23.8253820867287,25.4854397717527,26.2645293821088,25.2891649536286,25.4237462027479,25.3184666778416,25.7921700391729,25.5107575797368,23.8835235220436,25.000613200113,25.7858608699797,26.4884569397344,24.1030948383487,24.1756653503743,26.6555110243971,26.6149100487749,11.233873
Pakistan,2017,Pakistan 2017,2.13665676116943,4.66772388335302,4.66772388335302,19.1925450894267, Pakistan Rupee ,7.39203156751459,25.0279530077013,22.4085881505923,22.9987304358371,24.04535073827,26.4694690274898,24.3138380865232,24.7317654537966,24.6286670042577,26.3436667026672,24.7864212242399,24.363329361259,24.6607042739415,25.0852217505157,26.4758384757752,24.4261542458081,24.8267055406231,26.5840520604151,26.5433487673017,4.78
Pakistan,2018,Pakistan 2018,2.33216953277588,4.81075299732172,4.81075299732172,19.2079168133898, Pakistan Rupee ,7.32843735289516,24.9667522617023,22.3616933778287,23.0821004077454,24.0413333841673,26.4270483116059,24.2890054669506,24.7289121537433,24.6304819247556,26.3029956629364,24.8384553596153,24.3429312980653,24.6195831144102,25.0753253662165,26.4270483116059,24.239543552306,24.8004954732639,26.5344068299261,26.4978173824939,5.0658207
Pakistan,2020,Pakistan 2020,2.05718231201172,5.092758787433,5.092758787433,19.2413269049197, Pakistan Rupee ,7.2211050981825,24.8852222328705,22.2708364252043,22.7622574034399,24.0306916427692,26.3363939433381,24.2679821715294,24.4965087819375,24.3822254839751,26.1997293888821,24.6583203564165,24.2358545085552,24.5717972391178,25.0430128309435,26.3436667026672,24.1348598603453,24.6784224724199,26.4630587491289,26.4068456042885,5.079235
Paraguay,2010,Paraguay 2010,2.7707200050354,8.46304565217612,8.46304565217612,15.5679424016575, Guarani ,8.40804774415544,21.9896111678364,20.3570287496571,21.1432402422676,23.1645422506221,23.7159634119572,21.6275695049822,22.5947019456224,22.4818618601352,23.5837044113541,23.0901231839446,22.3441048499325,22.7915720561553,22.5853384688045,23.9557976780475,21.3938323708451,22.1020661889932,23.9757638091272,24.028718786457,6.9451528
Paraguay,2017,Paraguay 2017,3.09062075614929,8.63407510153649,8.63407510153649,15.664816189922, Guarani ,8.68862230704377,22.1024825165149,20.1236139521027,21.6170249349229,23.4307026803166,24.0856569243932,22.1892203509597,22.8068768582527,22.73608973147,23.9230173444174,23.2793458882923,22.7495731668422,23.118273129268,23.1010728534842,24.3092169352192,21.7202147877051,22.374241310414,24.3533129585912,24.3867538857525,7.1
Paraguay,2018,Paraguay 2018,3.29619598388672,8.65401247031403,8.65401247031403,15.6785558899864, Guarani ,8.70549681988774,22.1101884689128,20.8540242392596,21.6020045657958,23.4220320556766,24.1414328366556,22.256700474336,22.9385699772367,22.8057656335188,23.9767118373076,23.3844734876875,22.7566527352246,23.1293331974541,23.1667703414071,24.3385671923873,21.7392796458193,22.4071480190656,24.3839227493676,24.4177656812854,6.976486
Paraguay,2020,Paraguay 2020,3.93615007400513,8.82056612959372,8.82056612959372,15.7054089296583, Guarani ,8.55313931818971,22.0585722880968,17.8470447405074,21.6373929522895,23.2004057565349,24.0143707986478,22.2229362389484,22.683519179831,22.6755525504333,23.8319842473229,23.0697384776155,22.6144763110684,22.9870477886639,23.0699475334237,24.2190880787865,21.5769935930343,22.1732428091111,24.2583277101995,24.2908862263589,6.976486
Peru,2010,Peru 2010,2.86730003356934,1.34159114648309,1.34159114648309,17.1906915287016, Nuevo Sol ,8.45041215772589,23.0331425418078,19.7142720310623,22.9411930729214,24.438087876207,25.3960946714177,23.4659439407608,24.2801360601026,24.2696807042346,25.2349481717812,24.2837546691164,23.8565896536535,24.4979864188337,24.4093982800531,25.6285406153922,23.1851826256104,23.7479626393033,25.6432467627818,25.7204781107173,7.7179785
Peru,2017,Peru 2017,3.93130993843079,1.44938382295609,1.44938382295609,17.2688413027241, Nuevo Sol ,8.75935474856621,23.3839331107268,19.2087093760622,23.3510246517682,24.6775989260048,25.8170160377593,24.0511378090395,24.500695720372,24.495651262959,25.6285406153922,24.5964747062568,24.0326957668592,24.6783160205084,24.8838426710376,25.9911239960149,23.6187567470403,24.1761760479773,26.0265707450105,26.0751239704272,8.28
Peru,2018,Peru 2018,3.71392011642456,1.45549450732395,1.45549450732395,17.2875995185382, Nuevo Sol ,8.79057347915716,23.4529262915188,20.5765109998261,23.4383695280641,24.7499925626375,25.8649293934549,24.0943475472976,24.5826903379814,24.564319819214,25.6790928945547,24.6778722304133,24.1013261607345,24.7358234299452,24.9412556113542,26.0462758160897,23.6210837727884,24.2240985338183,26.0798521116231,26.130437608411,8.447705
Peru,2020,Peru 2020,4.25937986373901,1.50295258619174,1.50295258619174,17.321210797601, Nuevo Sol ,8.68202943386917,23.4664366800139,NA,23.3323842169447,24.5330939007073,25.810862172185,24.20192666938,24.3461537501874,24.4139916287544,25.5830782413158,24.4764927291771,23.9257150179832,24.5784158363502,24.9211663394492,25.949012510665,23.5228991027198,24.0079515853275,26.001380496182,26.0315335343526,8.632247
Poland,2010,Poland 2010,5.10705995559692,1.39011206440809,1.39011206440809,17.4686942828627, Zloty ,9.38244322857581,23.3415663767601,22.4982030111327,24.2923112280377,25.9755392649983,26.6816905299788,25.2409379183195,25.3263112586909,25.2653667013545,26.4136252912738,26.0315335343526,25.0219510554469,25.3579948251858,25.6930791365294,26.7682711509848,24.3957107789702,25.1809747992544,26.8501350210628,26.8886836911799,10.688769
Poland,2017,Poland 2017,4.57464981079102,1.56430106669283,1.56430106669283,17.4670207219831, Zloty ,9.47570014542347,23.4394675888322,23.2697201776072,24.2079167953565,26.332737632135,26.7271529040554,25.2540342371987,25.3772261871135,25.2480678080726,26.4662690247591,26.2762254218719,25.2067854899298,25.4854397717527,25.7984396521865,26.8588307280303,24.650901032924,25.196899464151,26.9418659566401,26.9866640995399,11.34
Poland,2018,Poland 2018,4.60506010055542,1.52860016665151,1.52860016665151,17.4667259946452, Zloty ,9.59164939020659,23.3432952300822,23.4878020309309,24.3950646218917,26.4630587491289,26.832513419713,25.3676567360974,25.5595477439058,25.4237462027479,26.5725906168962,26.4237094103404,25.3108595330158,25.5752961008738,25.8994155695259,26.9654891024035,24.7849227078627,25.3097120050718,27.0583200884462,27.1016920205997,11.517844
Poland,2020,Poland 2020,4.85265016555786,1.58918248270637,1.58918248270637,17.464306468794, Zloty ,9.61653854466018,23.4575497265713,21.6500300059981,24.3977029440264,26.4853172197297,26.8391579624317,25.4594642853497,25.4417647082504,25.4237462027479,26.5492659443298,26.3722400751111,25.3157754673995,25.5984631601552,25.9859560258565,26.9923621206546,24.7402188092095,25.2690977404263,27.0811081034562,27.1185274350635,11.374183
Portugal,2010,Portugal 2010,5.41248989105225,0.562494470265018,0.562494470265018,16.1752698091188, Euro ,9.98746098631231,22.2510485113618,20.8564744137215,23.2261546237112,24.9933708287087,26.0511420057408,24.6148245230437,24.640370371787,24.6173740228854,25.7795116423011,25.2198968353477,24.0409800329528,24.2854398918436,25.3482386502405,26.065600088916,23.5808109767704,24.3564396745756,26.161345145874,26.1955365106221,11.013366
Portugal,2017,Portugal 2017,5.0156102180481,0.63403683776909,0.63403683776909,16.1483853510775, Euro ,9.95094349369242,22.2578444478495,20.5341018214337,22.7715357898809,25.2726434439185,25.9217628682178,24.3618980896162,24.3643383420652,24.3423948536928,25.6861104672133,25.2487341441939,24.0309256218436,24.2660524595288,25.2311321757985,25.9807612089794,23.5121749455251,24.3527512602311,26.0985442446352,26.1214285384687,11.46
Portugal,2018,Portugal 2018,4.67515993118286,0.613439611346241,0.613439611346241,16.1466671698795, Euro ,10.0421619472239,22.3195737327402,21.2484961062608,22.8996600880581,25.3772261871135,26.0064695656895,24.4401934268488,24.514706659541,24.4758091415976,25.7731218442024,25.3676567360974,24.1148602247702,24.359542942551,25.3235961896734,26.0703733676686,23.6008445796754,24.42681868244,26.1870976419763,26.2122035631072,11.563686
Portugal,2020,Portugal 2020,4.87656021118164,0.628878701357768,0.628878701357768,16.1474790009158, Euro ,9.9940135792355,22.3284978065906,NA,22.9722716218767,25.1641380566299,25.9702899091122,24.4948640193255,24.50251621007,24.509449327606,25.713698423732,25.2203966105014,24.038372861568,24.2773249354227,25.3284360229445,26.0215832034994,23.4583389756628,24.2691691425584,26.1393662391553,26.156987840505,11.310053
Romania,2010,Romania 2010,3.41717004776001,1.42980872795085,1.42980872795085,16.8278645226441, New Leu ,9.00319319374657,22.8985459268876,21.5500584731254,23.3313521482272,24.7095563860789,25.6285406153922,23.9627257307254,24.5500112412865,24.4989395855601,25.4237462027479,24.8958399145404,24.4052261320682,24.6662846376857,24.6524261557182,25.7471463577993,23.5730520872298,23.0298236444499,25.829211310853,25.8590642740026,8.935521
Romania,2017,Romania 2017,3.11820006370544,1.61988152101175,1.61988152101175,16.7960710194273, New Leu ,9.26747656334699,22.9562985754006,21.5266323760954,23.1622974667752,25.2115018780634,25.829211310853,24.2226904624899,24.6412486864691,24.5958374922586,25.6060677595404,25.2685992683223,24.4522266109248,24.6295207981857,24.9854729028499,25.9702899091122,23.9400114032642,23.8879539313434,26.065600088916,26.0703733676686,8.81
Romania,2018,Romania 2018,3.31918001174927,1.5976925381881,1.5976925381881,16.7913861867632, New Leu ,9.39938924951956,23.1307788730623,22.2639277103123,23.3982654873413,25.3383863537976,25.9962653955153,24.4255027862284,24.7630512489553,24.6773223498334,25.7602184393665,25.4146137191847,24.5538144367838,24.7459608422265,25.1400334595449,26.1168933833033,24.0432190695794,24.0594242135654,26.1913259780858,26.2163272802911,8.613272
Romania,2020,Romania 2020,3.58926010131836,1.65708297684603,1.65708297684603,16.7829482383276, New Leu ,9.44793894425998,23.0750289624031,21.6199519279318,23.5247356655209,25.2525681499727,26.0265707450105,24.5717470773026,24.8450562960557,24.8044929841782,25.7602184393665,25.3676567360974,24.4087756487872,24.6405296510943,25.210077321757,26.1526114659052,24.1554740579461,24.1564345353533,26.2326541735784,26.2487187760822,8.369189
Rwanda,2017,Rwanda 2017,3.1247398853302,6.72447020243207,6.72447020243207,16.3194303077675, Rwanda Franc ,6.59850902861452,21.6143096600665,18.4543448167655,20.126866698335,21.3651776398627,22.8292238681609,21.0518531368545,21.5142521663166,21.4662250698464,22.64399955176,21.8438461518393,20.3818135327482,20.7707869381007,21.7911070241351,22.8596450131448,20.1923600051623,20.6554378645581,22.9162352450998,22.9481935966812,3.75
Rwanda,2018,Rwanda 2018,3.07375001907349,6.75936363161378,6.75936363161378,16.343780689955, Rwanda Franc ,6.61069604471776,21.5877267975024,NA,20.1836629666946,21.4335761177453,22.9077851764857,21.074124982467,21.4477446744963,21.5178249306338,22.7336371300386,21.9299137335204,20.4155332687216,20.8088127957823,21.8302508004114,22.9022812967884,20.3817951291564,20.7774079405708,22.9526345962513,22.9894350200863,3.8871112
Rwanda,2020,Rwanda 2020,3.33394289016724,6.8504206653611,6.8504206653611,16.3916557003865, Rwanda Franc ,6.62007320653036,21.7208857254637,NA,20.3945258713191,21.3995447183354,22.9539086131844,21.2346446464769,21.6633593092995,21.6695512795354,22.7564352513954,22.0177127200593,20.6073066353431,20.8878202189545,21.8084182069665,22.9594752280326,20.4832539874783,20.7240309102032,23.0100801516924,23.044152021378,3.9257712
Senegal,2010,Senegal 2010,0.544770002365112,6.20713428210587,6.20713428210587,16.3436460634569, CFA Franc BCEAO ,7.15070145759253,21.6664235786218,19.1974211094676,19.6146006639367,21.8920563437227,23.4234809940306,21.5478825369305,21.8973314857088,21.8277546549433,23.2571155965087,22.3777817992186,21.642795922046,21.8792623601402,22.2742467134016,23.3987207644064,21.1139495978844,21.5340197967416,23.4934550004841,23.5024324234609,4.5150957
Senegal,2017,Senegal 2017,4.74007987976074,6.36588049642479,6.36588049642479,16.5340254130784, CFA Franc BCEAO ,7.20414929203594,21.8693066924372,20.4951297084335,20.1725079564067,22.2503133868205,23.5936228985914,21.7750214006962,22.5574841922564,22.4214877817711,23.4165843586876,22.7397094596182,21.9227997683367,22.1844360335696,22.539481822441,23.667036543342,21.3171142301723,21.820072074352,23.7372259175846,23.7676249207569,4.78
Senegal,2018,Senegal 2018,5.11019992828369,6.32157095476624,6.32157095476624,16.5611718441299, CFA Franc BCEAO ,7.27517231945277,21.9658683235513,20.6766781244487,20.2640632941824,22.391928009124,23.6804239358121,21.8822058437516,22.7444339996348,22.6092220228239,23.4993891130347,22.9181215210025,22.0011407840232,22.3164365595816,22.645173067457,23.7714175697087,21.3393688000312,21.9396457999677,23.8356249460149,23.8638219824482,4.8641224
Senegal,2020,Senegal 2020,5.6869797706604,6.35712451245048,6.35712451245048,16.6149919708469, CFA Franc BCEAO ,7.28138566357028,22.1024788901829,21.0184808824285,20.2681990996201,22.3451886761231,23.7415886751401,22.0046476204026,22.8765465435563,22.7069745107144,23.5479333775971,22.9886044570757,21.9767284609115,22.3437168062314,22.711619431066,23.812990100465,21.2854095048137,21.9023946118065,23.8954976096685,23.9218757615209,4.838319
Seychelles,2010,Seychelles 2010,3.54826331138611,2.57014787097589,2.57014787097589,11.4339904768821, Seychelles Rupee ,9.1882992410993,16.9002526145304,NA,17.9358157252823,20.6459318628394,20.6240219399116,19.4571756279913,19.5163702654949,19.5163702654949,20.2510037617304,20.8580409474581,18.2321229018913,18.3854576608178,19.6256643512448,20.5282388967168,18.2962671773291,19.2130474483184,20.6221675462003,20.7091137042548,8.550605
Seychelles,2017,Seychelles 2017,4.23536539077759,2.68429299832963,2.68429299832963,11.530883254344, Seychelles Rupee ,9.5409382454048,17.5820517336064,NA,17.9317532627743,21.176480780333,20.9222147777666,19.7066448414561,19.9700367094204,19.9700367094204,20.5704691563816,21.2740196060765,18.3158852908388,18.6698715099691,20.179201910472,20.9446609430207,18.9334212052463,19.4049594121352,21.0717048071717,21.1483804214081,10.14
Seychelles,2018,Seychelles 2018,4.35177803039551,2.70210702000308,2.70210702000308,11.543474068459, Seychelles Rupee ,9.58713161949974,17.5680167113826,NA,17.991861606077,21.1635486110582,21.0037431067783,19.8278808418566,19.9711107396229,19.9711107396229,20.6347746058763,21.2888424279435,18.3921625483918,18.7149104314122,20.2548197013775,20.9851626483286,18.8325149065047,19.4520668032734,21.1305180851679,21.1856120314799,9.674071
Seychelles,2020,Seychelles 2020,4.89120054244995,2.92404929196326,2.92404929196326,11.5667600275986, Seychelles Rupee ,9.28776426894099,17.2817278136451,NA,17.7743027916076,20.6399337583025,20.8728516940916,19.713223684022,19.5328329297667,19.5328329297667,20.4965528615609,20.9072028240632,18.297189714903,18.6226834745889,20.0953512447287,20.7068102087146,18.2356012395147,18.8911657010912,20.8544518649773,20.891734795511,9.700825
Sierra Leone,2017,Sierra Leone 2017,4.66086006164551,8.90726472026706,8.90726472026706,15.8538131278085, Leone ,6.17378610390194,21.5360946998141,16.7665468323059,17.3968706121503,20.5696462260771,22.1266540943746,19.7797218201321,20.2269289822006,20.1950071057534,22.0261018035706,21.3089763804213,18.1118784958186,18.8727811883185,20.3739879387123,22.0145413324509,18.7039881766055,19.6794692708253,22.0262530945038,22.0420977255462,4.52
Sierra Leone,2018,Sierra Leone 2018,6.98962783813477,8.97874013220691,8.97874013220691,15.877460255431, Leone ,6.24610676548156,21.6018705989141,16.7928625442168,17.305787171574,20.3857759977433,22.2096083025221,19.7490484029391,20.1312115422526,20.0950707501161,22.1203539073343,21.1948497961876,18.2669519151335,19.0222954207961,20.5225283311414,22.0955212006437,18.6989690301263,19.7322054694522,22.1217231646307,22.1306156603349,4.6573877
Sierra Leone,2020,Sierra Leone 2020,8.80954837799072,9.19328848774097,9.19328848774097,15.9237789593238, Leone ,6.18414889093748,21.6057586782546,16.6693920139617,17.3250633261781,20.3176494188915,22.2291569778938,19.6105875391786,20.0132692632782,19.9773313370255,22.1534554899665,21.195438769676,18.1538720325463,19.0062513051095,20.6190425743711,22.0813605466856,18.6272068348962,19.2745037946191,22.10577228146,22.1251644079075,4.8547077
Singapore,2010,Singapore 2010,3.08044004440308,0.860147096948345,0.860147096948345,15.4571428256432, Singapore Dollar ,10.735113243529,18.2778276388527,22.334383052162,23.0806204910702,26.8865806409832,25.4237462027479,23.8691901976999,24.9178571719073,24.8393428151849,25.1907935044235,26.7442891862984,24.6316280958508,24.6994265094621,25.1987220967897,26.1482158544322,24.0194659427119,24.5913296936278,26.1913259780858,26.2039047602926,12.450817
Singapore,2017,Singapore 2017,2.75684809684753,0.867489067638598,0.867489067638598,15.567226895946, Singapore Dollar ,10.9157427955477,18.4749928247158,22.6698817854381,23.2877736426306,27.0999927848467,25.7731218442024,24.2780991006073,25.2640896733575,25.1864469703635,25.5190563825514,26.9338659139731,24.8786374125166,24.9391793421143,25.6577397700843,26.4978173824939,24.3199834711358,24.916745228214,26.4821676108268,26.5609962841153,12.9
Singapore,2018,Singapore 2018,2.85660004615784,0.853922298977579,0.853922298977579,15.5758718910796, Singapore Dollar ,10.9500343189009,18.5480086245232,22.9012048872471,23.3055020016116,27.2245555074883,25.8412596493692,24.3502354469354,25.2608387017569,25.1616206106768,25.5908002874097,27.0458310768755,25.0821911084423,25.1358400071855,25.7339011310493,26.6010016187289,24.3506553553272,25.0201188059362,26.5253842123265,26.6555110243971,12.937873
Singapore,2020,Singapore 2020,2.6869900226593,0.866991938514825,0.866991938514825,15.5921343925244, Singapore Dollar ,10.8317859035346,18.5562093121434,22.3222402441439,22.8480982795794,27.1642123775809,25.7666909538721,24.4741788882282,25.0739441499185,25.0079976760645,25.4506536556676,26.9732410792078,24.9559462001017,25.0176003447276,25.6790928945547,26.5193235877148,24.3413111817492,24.9427401451531,26.4237094103404,26.5668102539807,12.81329
Slovenia,2010,Slovenia 2010,5.54546022415161,0.562494470265018,0.562494470265018,14.5368991685575, Euro ,10.0476311856162,20.6312696297639,20.2357285003298,21.7025466970663,24.1558184083536,24.3309889283907,23.00914257373,23.0999974774359,23.0412821793181,24.0208669125212,24.1392182581096,22.8536518887394,23.0361102871985,23.6259571169444,24.4603546847105,22.1184423526817,22.5215098725214,24.5844851802239,24.5978206011897,11.185949
Slovenia,2017,Slovenia 2017,4.78053998947144,0.63403683776909,0.63403683776909,14.5566823716543, Euro ,10.0318367909638,20.6111105322391,20.5327017940019,21.5396126665673,24.4218464588948,24.2640798952158,22.9167045268461,22.9987340132482,22.9099889818631,23.9630807907344,24.307570558483,23.0254796385203,23.1664085051072,23.5588799500842,24.466069127262,22.2119542000703,22.5280645511854,24.5884770642802,24.6066650637685,11.61
Slovenia,2018,Slovenia 2018,4.93455982208252,0.613439611346241,0.613439611346241,14.5602653585063, Euro ,10.1403367509064,20.9192408578738,20.7853787897075,21.717140609926,24.5505775786841,24.3624068393834,23.0143636403451,23.1694785447928,23.0727782878775,24.0616421766744,24.4456928593346,23.1213953045009,23.2595275967905,23.6611843342162,24.577502167613,22.3058501877557,22.6544961774969,24.7005545173342,24.7155385888049,11.61505
Slovenia,2020,Slovenia 2020,5.38373994827271,0.628878701357768,0.628878701357768,14.5658137634724, Euro ,10.1343214571343,20.8405871197891,20.2440042511651,21.774268641518,24.4550128879966,24.3604926788364,23.1282286601234,23.0986178762923,23.0393156872629,24.0157017390756,24.3283922936543,23.1240041061434,23.2757599556501,23.6926937352494,24.5835668835551,22.2932719580798,22.574568372497,24.7000782331542,24.706805460705,11.370939
South Africa,2010,South Africa 2010,5.13497018814087,2.11880911436123,2.11880911436123,17.7626095837763, Rand ,8.9751242394277,22.8976922796241,18.7709203524671,23.3582747962434,25.4053970640799,26.5373963687745,25.0422070197594,25.0197053800817,25.0177707088151,26.2839474679658,25.3579948251858,24.781030295978,25.2413964638132,25.9327519897933,26.6713008261297,24.1911034187645,24.6892762833109,26.7369809929917,26.7563520587476,6.2357073
South Africa,2017,South Africa 2017,5.59867000579834,2.66261909118789,2.66261909118789,17.8522473701159, Rand ,8.78553952756128,22.97431347817,20.5090005147619,23.2064499524403,25.3676567360974,26.4694690274898,25.0172925725491,24.8705541561996,24.8577135168948,26.2039047602926,25.3261062717405,24.5872496863519,25.0792283007149,25.8472298163556,26.5639074943227,24.1188641511777,24.5815205401857,26.6367688425874,26.6660652120757,5.11
South Africa,2018,South Africa 2018,5.64401006698608,2.65611888778527,2.65611888778527,17.8645026703003, Rand ,8.83185793519791,22.9374313935596,20.7082428721828,23.2358830781216,25.4327960382678,26.5433487673017,25.0852142398207,24.9036737082101,24.8884948390071,26.2762254218719,25.4146137191847,24.6444602214681,25.1421133563095,25.9050493872441,26.6204197045859,24.146305590746,24.6467310530689,26.6970754488182,26.72468071491,5.570013
South Africa,2020,South Africa 2020,6.17067003250122,2.85986131141262,2.85986131141262,17.889685201447, Rand ,8.63870260881343,22.8645279973062,NA,22.836789245715,25.2578421220551,26.3616205062837,24.9746074050637,24.457716122186,24.5619113548566,26.0751239704272,25.0841969130363,24.3963867581674,24.9759825820712,25.7731218442024,26.4468509389021,23.8353875564505,24.4063363002459,26.5284008058659,26.5463117324324,5.603404
Spain,2010,Spain 2010,4.85608005523682,0.562494470265018,0.562494470265018,17.6565266579572, Euro ,10.3110171946932,24.2653742221832,22.2460902864489,25.4768560280614,26.6340624809896,27.7443498012364,26.4034384459669,26.4821676108268,26.4662690247591,27.4386492232823,26.6713008261297,25.810862172185,26.0845580026605,27.1168565908987,27.9010482531424,25.4237462027479,26.1785869523084,27.9674933525505,27.9816779875424,10.266474
Spain,2017,Spain 2017,4.20552015304565,0.63403683776909,0.63403683776909,17.6567713632806, Euro ,10.2471481763972,24.323328843283,22.7069531263864,24.9733190574882,26.8566638799452,27.6409714467827,26.2245240474952,26.2645293821088,26.2366945831154,27.3644480066883,26.7491318107741,25.7272121428986,25.9859560258565,27.0547676868419,27.8049744230528,25.3189179183097,26.156987840505,27.9010482531424,27.9010482531424,10.78
Spain,2018,Spain 2018,4.1794900894165,0.613439611346241,0.613439611346241,17.6612237464362, Euro ,10.3231185161172,24.3915662780252,23.1885674525604,25.0556182178263,26.9378739353706,27.7171988121705,26.3067621457319,26.3965891041213,26.3544776187714,27.4398606104686,26.8566638799452,25.7795116423011,26.0511420057408,27.1399981194604,27.8856633343029,25.3867049310679,26.2326541735784,27.9816779875424,27.9816779875424,10.662965
Spain,2020,Spain 2020,4.89540004730225,0.628878701357768,0.628878701357768,17.6733689507131, Euro ,10.2046286446721,24.3250435345866,NA,24.9814156832831,26.6970754488182,27.6290191132589,26.3616205062837,26.2839474679658,26.295419869128,27.2983416775474,26.6501918629195,25.6720257273317,25.949012510665,27.1084602359458,27.7880248647391,25.216472475398,25.9650128520113,27.8778811938609,27.8778811938609,10.514696
Sri Lanka,2017,Sri Lanka 2017,2.59316992759705,5.03335141096536,5.03335141096536,16.8838803731187, Sri Lanka Rupee ,8.28374674710613,22.647261708077,22.0237070948367,22.6443686216383,23.6722648222531,24.9147520019995,22.7329581967444,24.041907402377,23.8993128700648,24.7950232695715,23.9581136817721,23.3214134112709,23.5314698932642,24.0518814580781,25.0965432997316,23.0816155368994,23.081576283896,25.1672514310593,25.1940827790713,8.3
Sri Lanka,2018,Sri Lanka 2018,1.98781001567841,5.09659803573775,5.09659803573775,16.8873104644248, Sri Lanka Rupee ,8.28551330907974,22.6774232255508,21.6055342618543,22.5897570918351,23.7321804258308,24.9463084622036,22.8110864038429,23.9912484352866,23.8947119448011,24.8204976620107,24.0117214168277,23.3314120626573,23.5345294250746,24.0856934299629,25.1124179566478,23.0947155426293,23.1070197022575,25.1725421840379,25.2001828523668,8.374124
Sri Lanka,2020,Sri Lanka 2020,1.55792391300201,5.22892740444533,5.22892740444533,16.8935175080336, Sri Lanka Rupee ,8.19560956728878,22.6627954244436,NA,22.4231300917327,23.2906318604553,24.9100734811365,22.8472237784993,23.736943754572,23.7552285462176,24.7741491924027,23.6266783070406,23.2938781327394,23.4770980777735,24.0726141826323,25.057506293919,22.9703293698653,23.0448248713242,25.088784153701,25.1173408658648,8.462184
Sweden,2010,Sweden 2010,6.52268981933594,2.10505131489126,2.10505131489126,16.0542747389444, Swedish Krona ,10.902003224666,22.8247112088252,21.524721077235,23.928619662868,26.1259432188232,26.6010016187289,25.5435474025595,25.4594642853497,25.4417647082504,26.1743042905164,26.001380496182,25.0135404006088,25.2569914342687,26.0265707450105,26.8031990320443,24.7503049303059,24.7117196770687,26.9557138534989,26.9298417636734,11.119785
Sweden,2017,Sweden 2017,7.56883001327515,2.25642186287506,2.25642186287506,16.1238978853926, Swedish Krona ,10.910039375355,22.7786467900104,21.8222062834315,24.2027228060832,26.1913259780858,26.6842711765723,25.6720257273317,25.6577397700843,25.6359207226898,26.2326541735784,26.130437608411,24.9799950912677,25.1923475425689,26.170003208617,26.8970519408504,24.8068186862397,24.8301093673724,27.0331841151747,27.0166851157947,11.67
Sweden,2018,Sweden 2018,7.64084005355835,2.27135428202363,2.27135428202363,16.1341952540448, Swedish Krona ,10.9283994782743,22.7691904213467,22.2171594056823,24.2209819801473,26.2606001039689,26.7122272538388,25.6999995793739,25.6930791365294,25.6649082595629,26.2606001039689,26.2080627704412,25.0052491355084,25.2138532515902,26.1997293888821,26.9217445534408,24.8634367706243,24.8198242206065,27.0618599151514,27.0422339506946,11.709058
Sweden,2020,Sweden 2020,7.92561006546021,2.32339789890756,2.32339789890756,16.1543282502968, Swedish Krona ,10.9077342151685,22.7073365012174,NA,24.2297836665937,26.2039047602926,26.6765091712368,25.6999995793739,25.6432467627818,25.6505195221109,26.2080627704412,26.0939038650787,24.937175901864,25.1633344681645,26.1955365106221,26.909474460849,24.878735271964,24.7841431920481,27.0618599151514,27.0277146393702,11.580874
Switzerland,2010,Switzerland 2010,4.80210018157959,0.714373130725895,0.714373130725895,15.8725065729641, Swiss Franc ,11.2964471515248,22.102038665376,NA,24.0646767775871,26.6868451805674,26.6791032064138,24.9236986825192,25.7471463577993,25.7537037583454,26.4884569397344,26.5009181601722,25.4237462027479,25.5272868816879,26.314252817461,27.0897362846796,24.5791541974549,25.4506536556676,27.1689856563336,27.1251830336753,11.223486
Switzerland,2017,Switzerland 2017,5.01765012741089,0.685463570587823,0.685463570587823,15.9498767426969, Swiss Franc ,11.3036724913329,22.20237547979,NA,24.2593957550516,26.8501350210628,26.8347331764513,25.103140419554,25.8994155695259,25.9436216620301,26.6394678995565,26.6686864455556,25.5595477439058,25.6505195221109,26.5193235877148,27.2497606965187,24.7719778128041,25.5107575797368,27.2541434646738,27.2800441931059,11.13
Switzerland,2018,Switzerland 2018,4.93008995056152,0.682027249155637,0.682027249155637,15.9572735163836, Swiss Franc ,11.3161560385411,22.2646076825012,NA,24.2820564995644,26.9115299600311,26.8588307280303,25.1258237862638,25.9327519897933,25.9436216620301,26.6660652120757,26.7046800482034,25.6060677595404,25.7068724586616,26.5668102539807,27.2955483796418,24.8084925182417,25.5515795742567,27.2729165791817,27.3244959556766,11.112429
Switzerland,2020,Switzerland 2020,5.27676010131836,0.662090715886686,0.662090715886686,15.9717527112454, Swiss Franc ,11.3349942564776,22.3692615763512,22.2567213650595,24.3385898342304,26.8738686053948,26.8823612254405,25.2153156089375,26.0845580026605,26.065600088916,26.6713008261297,26.7222023988956,25.6359207226898,25.7537037583454,26.6093698683993,27.3190463509091,24.7744108062158,25.5023893300663,27.3066750591066,27.3460021608976,10.933773
Tajikistan,2017,Tajikistan 2017,5.54471778869629,2.25651410355085,2.25651410355085,16.0044258194676, Somoni ,6.87626461189077,21.1476383894411,NA,20.6160363992746,20.8411154748293,22.6577354835928,20.5702675501925,21.5366871757388,21.5797250290314,22.5253454775391,21.7977474581701,20.6876991745706,21.1299222798001,20.9377092072045,22.6487715946447,20.4342563345158,20.6631983394699,22.8793439042657,22.7430108690741,7.67
Tajikistan,2018,Tajikistan 2018,5.38508749008179,2.31759356697407,2.31759356697407,16.02687174097, Somoni ,6.89365635460264,21.1519871587129,18.7962857777745,20.751332594604,20.8332460160087,22.6409133658717,20.5855150833246,21.7857347404932,21.7341096497342,22.5038995412443,21.8927076810089,20.7501312395132,21.2195269975606,20.9437201587221,22.6776615175445,20.2400429028333,20.7131046201984,22.9194535849608,22.7728923299927,7.721502
Tajikistan,2020,Tajikistan 2020,5.73725271224976,2.42674258368457,2.42674258368457,16.0713402552428, Somoni ,6.9037472575846,21.3360872970802,19.9893103888553,20.5709582339424,21.066254991539,22.7046350242652,20.6623870725885,21.7249414455422,21.5310060081531,22.5656755078139,21.8628468197739,20.9630707551958,21.359987733802,20.9963025804424,22.7330928339852,20.0589058853137,20.7613755909053,22.9743582873686,22.8193141956878,6.785475
Thailand,2010,Thailand 2010,3.5084400177002,3.48693782635938,3.48693782635938,18.0389881667526, Baht ,8.47386806667786,24.3037703092391,22.2606790766968,22.980446305359,26.1482158544322,26.170003208617,24.7103480079247,25.1833272492779,25.1280353917828,25.9050493872441,26.0559846302166,25.3867049310679,25.5674529234129,25.1678526579402,26.5551483142329,23.988047288675,24.7785075976554,26.5132260078467,26.5551483142329,8.45008
Thailand,2017,Thailand 2017,3.46532154083252,3.55362689713548,3.55362689713548,18.076755645624, Baht ,8.72404474595347,24.3703654564473,NA,23.1768765977142,26.4402935383559,26.4203593234552,25.032437022265,25.3772261871135,25.3772261871135,26.130437608411,26.2326541735784,25.535450192327,25.7204781107173,25.5595477439058,26.845758646463,24.3552094126164,25.2686409140933,26.8009080802977,26.845758646463,8.64
Thailand,2018,Thailand 2018,3.19769406318665,3.50586442912649,3.50586442912649,18.0799888591246, Baht ,8.82173238093444,24.4504769951477,23.235396325425,23.2644220836791,26.5193235877148,26.52235849141,25.1295250655402,25.5752961008738,25.4681979653184,26.2366945831154,26.3722400751111,25.6285406153922,25.8170160377593,25.6577397700843,26.9517768405396,24.4508135207574,25.4053970640799,26.9012099509991,26.9517768405396,8.855771
Thailand,2020,Thailand 2020,3.15314173698425,3.47487133519104,3.47487133519104,18.0848676000818, Baht ,8.82922635473185,24.4951244305794,21.5206009414471,23.3248907520944,26.2762254218719,26.592562750083,25.2135499895519,25.4939504614205,25.4768560280614,26.3029956629364,26.1656835474725,25.5674529234129,25.7537037583454,25.7204781107173,26.9378739353706,24.3534881872307,25.3676567360974,26.9135812428016,26.9378739353706,8.68309
Togo,2010,Togo 2010,2.95977997779846,6.20713428210587,6.20713428210587,15.6983068467611, CFA Franc BCEAO ,6.57088296233958,20.7227245364697,NA,18.0647441844836,20.9968548354073,22.2336949426205,20.2467700109234,20.4370693284978,20.5589198370186,22.0862194441656,21.3399112473492,20.3549252330183,20.6115174399259,21.0469190447823,22.1967012065492,20.0285647416861,20.0674736744433,22.2680054486522,22.2796743100283,4.5438156
Togo,2017,Togo 2017,3.76526999473572,6.36588049642479,6.36588049642479,15.8763802046861, CFA Franc BCEAO ,6.7093043402583,20.9837779973275,NA,18.9905286108821,21.2033132481242,22.4807405990351,20.6099689268146,20.7959500863735,20.8038031219887,22.3134990359422,21.4661055506089,20.5381263467048,20.8422378641388,21.3986717391,22.4861794859991,20.3951088763926,20.1136957004668,22.5844551838492,22.5775969325233,5.57
Togo,2018,Togo 2018,4.09162998199463,6.32157095476624,6.32157095476624,15.900770141965, CFA Franc BCEAO ,6.77764659363512,21.0462215896498,18.3460458360693,19.0744890015725,21.2598829682234,22.5655067467896,20.6485979432967,21.0197421863874,20.9482497114267,22.4064396715179,21.5720357635979,20.6523678679845,20.974757460194,21.4540002790344,22.5813501132966,20.5911970096801,20.2109812393956,22.6773138066505,22.6733409806429,5.709833
Togo,2020,Togo 2020,4.09133672714233,6.35712451245048,6.35712451245048,15.9487986255103, CFA Franc BCEAO ,6.77078942390898,21.031210860141,18.0632552326942,19.1108927711611,21.3037468599594,22.5734475479825,20.6726800564224,21.1735642518137,21.1279524981434,22.4115709175166,21.6009127233271,20.6884150749131,21.0026312562117,21.5197476879748,22.6131118020805,20.6207431674581,20.2383290206135,22.7182184444647,22.7160215260569,5.9727387
Trinidad and Tobago,2010,Trinidad and Tobago 2010,4.21155452728271,1.99816482635904,1.99816482635904,14.1593108784711, Trinidad and Tobago Dollar ,9.66478610230597,18.8507193225944,NA,21.1126280986805,23.2521337467604,23.3368262125683,21.6879136388373,22.1793144795404,22.1793144795404,23.1233125667006,22.6867002531387,22.212422599734,23.0273692586958,22.2976092443499,23.8608761098817,21.0343126803091,22.374101167177,23.8240069510128,23.8739521121069,8.134325
Trinidad and Tobago,2017,Trinidad and Tobago 2017,3.52995157241821,2.05149528234185,2.05149528234185,14.206611662614, Trinidad and Tobago Dollar ,9.68843617111926,19.4496144117755,NA,20.9935070497169,23.112735599428,23.6630498481728,22.0331145206075,22.0520113780866,22.0520113780866,23.4449656693977,23.0054529082442,22.1198719621095,22.7447101591166,22.5827698311789,23.8820207031361,21.0552548503524,22.6084652030896,23.8949658769853,23.8928542266404,9.13
Trinidad and Tobago,2018,Trinidad and Tobago 2018,3.64017295837402,2.05036066736254,2.05036066736254,14.2241107465679, Trinidad and Tobago Dollar ,9.66077884572708,19.3361458430856,NA,21.0115740830605,23.1925228288107,23.612833103604,21.9834550385874,22.0738260797311,22.0738260797311,23.3946130775371,22.957170285884,22.1998536697524,22.8575673792481,22.5851176538825,23.8995106988888,21.0812336500695,22.5242257192759,23.8848423522987,23.9146689281063,9.115808
Trinidad and Tobago,2020,Trinidad and Tobago 2020,4.2576699256897,2.04782866472176,2.04782866472176,14.2330017288914, Trinidad and Tobago Dollar ,9.54409463253035,19.3227115486287,NA,20.8354407703304,22.5700569659086,23.6168057401329,21.9869527679609,21.929771374893,21.929771374893,23.3987014910684,22.6222219941856,21.890211306976,22.4879449334775,22.5799281051736,23.7488589735733,20.9252502408429,22.4768379866327,23.7769979068982,23.7706142232465,9.115808
Uganda,2010,Uganda 2010,1.72739994525909,7.68641824273032,7.68641824273032,17.2918688738876, Uganda Shilling ,6.84481547920826,22.8774430094932,18.6357719540111,21.0357509322346,21.9348930057374,23.9388858666609,21.4790003726069,22.7249073949162,22.7080117521328,23.8495684863822,22.8984946648245,22.4989107505236,22.6760494369087,22.8889765658654,24.1766183411089,20.9073654903226,22.2595629981793,24.1351360343473,24.1475580259243,3.9197464
Uganda,2017,Uganda 2017,2.25363993644714,8.19207905490956,8.19207905490956,17.5075621256021, Uganda Shilling ,6.64639051484773,22.7031745814209,19.0059629753774,21.2912827331125,22.286618699877,23.9526125049006,21.6908665764684,22.7682393267351,22.744734440004,23.8426096131948,22.5786186901856,22.3261783177865,22.5993389392174,22.8425102017677,24.1022572358018,21.2196420156785,22.0684502337013,24.1524008570532,24.1762124724458,4.45
Uganda,2018,Uganda 2018,2.13052010536194,8.22364641435433,8.22364641435433,17.5415749043537, Uganda Shilling ,6.68336094576627,22.7799339143858,19.1382435719221,21.3919976135151,22.2726838716195,24.027066311596,21.7454557719602,22.8638167270614,22.8394223041933,23.9193479000005,22.7091239353415,22.4017232031275,22.6858992508739,22.9087491662531,24.1745675515465,21.2807221560493,22.1121999660609,24.2233113781327,24.2518478846812,4.3321576
Uganda,2020,Uganda 2020,2.57222175598145,8.2212770244628,8.2212770244628,17.6088538958818, Uganda Shilling ,6.73815249459596,22.9667746585044,19.4291451893316,21.4210985238571,22.1691150799149,24.1650388894176,22.0980529453641,22.9415323964638,22.9112529364105,24.0297153931634,22.8809989053386,22.529565516604,22.8176716489722,23.0238825048624,24.2923658264715,21.3847873696853,22.112110101298,24.3453896231751,24.3624505033274,4.335872
Ukraine,2010,Ukraine 2010,7.39708471298218,2.19004770922938,2.19004770922938,17.6372372551008, Hryvnia ,7.99867136101578,23.0387294961563,22.3671311340218,22.2176528113193,24.8821254447337,25.4506536556676,23.9954985171969,24.0693169976089,23.8680760253986,25.1861542976863,24.9643660301279,23.6126464289666,24.1497543218563,24.4031721081521,25.5107575797368,23.405819628133,23.7513170109407,25.6359207226898,25.6359207226898,10.271507
Ukraine,2017,Ukraine 2017,5.41707992553711,3.31769280501796,3.31769280501796,17.6145274052679, Hryvnia ,7.84267147497946,23.1575969006099,22.2686336132536,21.6080770963002,24.7112023202115,25.3126962856727,23.866736784643,23.8313696148648,23.5962016538304,25.0441368885697,24.8611467112815,23.320666072699,23.8879813721736,24.1146303407255,25.2732678604063,23.1499943894587,23.5015656872284,25.4594642853497,25.4417647082504,10.2
Ukraine,2018,Ukraine 2018,5.3199200630188,3.33933943630231,3.33933943630231,17.6098070136407, Hryvnia ,7.99799931797973,23.3089031815428,20.9080478376974,21.8176723480514,24.8043375622542,25.4939504614205,24.0260550780487,23.9149956698738,23.8642891979849,25.2319049977476,24.9807891235279,23.4377622928976,24.037505931247,24.2920417593719,25.4327960382678,23.3225766612782,23.6280773822726,25.6060677595404,25.5984631601552,10.121033
Ukraine,2020,Ukraine 2020,5.38231992721558,3.33068637195774,3.33068637195774,17.5976450588152, Hryvnia ,8.20138595523861,23.4030089021305,NA,22.2118259065448,24.8308815664373,25.6999995793739,24.1317545886787,23.3615774265667,23.7671768758036,25.4681979653184,24.8691183520878,23.4845758875452,24.0606599074579,24.5713745513035,25.6285406153922,23.5856581612066,23.8574300879946,25.7984396521865,25.7795116423011,9.874516
United Kingdom,2010,United Kingdom 2010,5.69867992401123,0.499064337799018,0.499064337799018,17.9548291231775, Pound Sterling ,10.5894842290672,23.4135766349169,22.9706131421522,25.5515795742567,27.2913437483598,28.3871430956504,27.0092639314571,26.72468071491,26.7021516018501,28.0947551321613,27.3486582049557,26.1913259780858,26.5639074943227,27.8380352853137,28.4374969817959,26.156987840505,26.4369986424591,28.5433038264056,28.5433038264056,11.32212
United Kingdom,2017,United Kingdom 2017,5.45256996154785,0.574928011186077,0.574928011186077,18.0061467121876, Pound Sterling ,10.6011495260632,23.489395415131,22.3306390806181,25.7272121428986,27.4362220376247,28.433022701401,26.9358719326999,26.9217445534408,26.9115299600311,28.1791425244388,27.4825211076113,26.2080627704412,26.5132260078467,27.9236907298921,28.5023144818724,26.2204340622437,26.4758384757752,28.6055807559271,28.6168379104517,11.48
United Kingdom,2018,United Kingdom 2018,5.20437002182007,0.55937669535507,0.55937669535507,18.0117043886243, Pound Sterling ,10.6627735356001,23.5154795940594,21.2258104846788,25.8046702019371,27.5245488714191,28.5064898532829,26.9980278581902,26.9790158787017,26.9751697201142,28.2569595467956,27.5723321195809,26.2606001039689,26.5811989914327,27.9956642295172,28.5749270148361,26.2916103407113,26.5522114545596,28.674825168102,28.6888114100767,11.457277
United Kingdom,2020,United Kingdom 2020,5.43935012817383,0.576613126663516,0.576613126663516,18.0210904701617, Pound Sterling ,10.5821807761259,23.5803994961367,NA,25.6432467627818,27.3965638047153,28.433022701401,27.135084104658,26.8695950946174,26.8802448225341,28.1134472651735,27.3838409867874,26.1870976419763,26.5009181601722,27.9816779875424,28.5230191552341,26.1913259780858,26.4533656199232,28.6018000330872,28.6242728889392,11.538006
United States,2010,United States 2010,6.6945538520813,0.693147180559945,0.693147180559945,19.5558912266413, US Dollar ,10.7946040558616,25.6999995793739,24.710711664039,26.988567049686,28.2515976036542,30.1804662868542,28.5513038690726,28.6642055992746,28.646251795658,29.9631650111642,28.5023144818724,28.2188077808312,28.5189123732814,29.7532826547914,30.3390713170308,28.0025846723617,28.3964889580686,30.3523165437808,30.3390713170308,10.35244
United States,2017,United States 2017,5.09296989440918,0.693147180559945,0.693147180559945,19.6139703819268, US Dollar ,11.0070542146694,25.8880518108756,24.1949216822882,27.409126784016,28.5023144818724,30.4036098381684,28.6353227251258,29.0297379970472,29.0223030185597,30.211237945521,28.7026047322091,28.4194784762933,28.674825168102,30.0105672500588,30.6014355814983,28.324168296489,28.6818427407607,30.621740847659,30.6014355814983,11.14
United States,2018,United States 2018,4.89502000808716,0.693147180559945,0.693147180559945,19.6210672391525, US Dollar ,11.0515088614618,25.8823211361667,24.8023106188404,27.4649665315996,28.5631851969594,30.4524000023378,28.6853331457004,29.1011969610294,29.0896361386283,30.2629099560653,28.7720541204809,28.4811720452986,28.7395837354502,30.0646344713291,30.651446002073,28.3871430956504,28.7229444164462,30.6707702748994,30.651446002073,10.779745
United States,2020,United States 2020,5.39998006820679,0.693147180559945,0.693147180559945,19.6324490958863, US Dollar ,11.0653562908393,25.810862172185,NA,27.518971612121,28.3964889580686,30.4817276174323,28.775243915849,29.1194206999858,29.1328738176829,30.2771959133127,28.6534720436315,28.4374969817959,28.674825168102,30.1159277657166,30.6802941564106,28.4285283118132,28.7262945033315,30.6990740510622,30.6802941564106,10.55677
Zambia,2017,Zambia 2017,3.72964000701904,2.35323081265033,2.35323081265033,16.6661046254019, Kwacha ,7.27862894232068,20.7634525746938,20.1571553032355,21.6216845502754,22.926252413701,23.4770794099736,21.9900201924668,23.0847567083327,23.0297457017603,23.2208489712714,22.9709611662138,21.4663304075465,22.696534468899,22.5457361835193,23.908237973116,21.3987714317969,22.3954136744048,23.944380718176,23.9762787632823,5.25
Zambia,2018,Zambia 2018,4.73974990844727,2.43870067547189,2.43870067547189,16.6967235016753, Kwacha ,7.28069719538474,20.5944274537633,20.6496875527909,21.6462893804911,23.0245852215695,23.4429744734187,21.9304031967805,23.0424361394436,22.9466098312676,23.1940736754381,22.9971704030672,21.3120427203093,22.6037812864861,22.4796356350394,23.9106800723603,21.6358376895532,22.5134775156311,23.9769121567271,23.9932903657555,5.022243
Zambia,2020,Zambia 2020,3.94964814186096,2.96238708345981,2.96238708345981,16.7561378608612, Kwacha ,6.83410873881384,20.1055402761843,19.9006835209192,21.7021034480805,22.8602684434817,22.9885269516797,21.7032344957532,22.4894501047254,22.411366795913,22.664775894496,22.4969212490608,21.0578096009734,22.1747403868068,22.1624918954259,23.5670236197301,21.5380620009696,21.897023493178,23.5890223165507,23.6197653715,5.036293